timestamp,time_to_ny,time_to_nj,speed_to_ny,speed_to_nj,notes
2025-10-13T21:30,7,6,38,40,dom_ok
2025-10-13T21:35,7,6,38,40,dom_ok
2025-10-13T21:40,7,6,38,40,dom_ok
2025-10-13T21:50,7,6,35,40,dom_ok
2025-10-13T21:52,7,6,35,40,dom_ok
2025-10-13T21:55,7,6,35,40,dom_ok
2025-10-13T22:00,7,6,37,40,dom_ok
2025-10-13T22:10,7,6,37,40,dom_ok
2025-10-13T22:15,7,6,37,40,dom_ok
2025-10-13T22:20,7,6,38,40,dom_ok
2025-10-13T22:25,7,6,37,40,dom_ok
2025-10-13T22:30,7,6,38,40,dom_ok
2025-10-13T22:35,7,6,39,40,dom_ok
2025-10-13T22:40,7,7,39,38,dom_ok
2025-10-13T22:45,7,6,39,40,dom_ok
2025-10-13T22:50,7,6,39,40,dom_ok
2025-10-13T22:55,7,6,39,40,dom_ok
2025-10-13T23:00,7,6,39,0,dom_ok
2025-10-13T23:05,7,6,39,0,dom_ok
2025-10-13T23:10,7,6,39,0,dom_ok
2025-10-13T23:15,7,7,39,0,dom_ok
2025-10-13T23:20,7,6,39,0,dom_ok
2025-10-13T23:25,7,6,39,0,dom_ok
2025-10-13T23:30,7,6,39,0,dom_ok
2025-10-13T23:35,7,7,39,0,dom_ok
2025-10-13T23:40,7,6,39,0,dom_ok
2025-10-13T23:45,7,6,39,0,dom_ok
2025-10-13T23:50,7,6,39,0,dom_ok
2025-10-13T23:55,7,7,39,0,dom_ok
2025-10-14T00:00,7,7,39,0,dom_ok
2025-10-14T00:05,7,7,39,0,dom_ok
2025-10-14T00:10,7,8,39,0,dom_ok
2025-10-14T00:15,7,6,38,0,dom_ok
2025-10-14T00:20,7,6,38,0,dom_ok
2025-10-14T00:25,7,6,39,0,dom_ok
2025-10-14T00:30,7,6,39,0,dom_ok
2025-10-14T00:35,7,6,39,0,dom_ok
2025-10-14T00:40,7,6,39,0,dom_ok
2025-10-14T00:45,7,7,39,0,dom_ok
2025-10-14T00:50,7,6,39,0,dom_ok
2025-10-14T00:55,7,6,39,0,dom_ok
2025-10-14T01:00,7,6,39,0,dom_ok
2025-10-14T01:05,7,6,39,0,dom_ok
2025-10-14T01:10,7,6,39,0,dom_ok
2025-10-14T01:15,7,6,39,0,dom_ok
2025-10-14T01:20,7,6,39,0,dom_ok
2025-10-14T01:25,7,6,39,0,dom_ok
2025-10-14T01:30,7,7,39,0,dom_ok
2025-10-14T01:35,7,7,39,0,dom_ok
2025-10-14T01:40,7,7,39,0,dom_ok
2025-10-14T01:45,7,7,39,0,dom_ok
2025-10-14T01:50,7,7,39,0,dom_ok
2025-10-14T01:55,7,6,39,0,dom_ok
2025-10-14T02:00,7,6,39,0,dom_ok
2025-10-14T02:05,7,6,39,0,dom_ok
2025-10-14T02:10,7,6,39,0,dom_ok
2025-10-14T02:15,7,6,39,0,dom_ok
2025-10-14T02:20,7,6,39,0,dom_ok
2025-10-14T02:25,7,6,39,0,dom_ok
2025-10-14T02:30,7,7,39,0,dom_ok
2025-10-14T02:35,7,7,39,0,dom_ok
2025-10-14T02:40,7,6,39,0,dom_ok
2025-10-14T02:45,7,6,39,0,dom_ok
2025-10-14T02:50,7,6,39,0,dom_ok
2025-10-14T02:55,7,6,39,0,dom_ok
2025-10-14T03:00,7,6,39,0,dom_ok
2025-10-14T03:05,7,6,39,0,dom_ok
2025-10-14T03:10,7,6,39,0,dom_ok
2025-10-14T03:15,7,6,39,0,dom_ok
2025-10-14T03:20,7,6,39,0,dom_ok
2025-10-14T03:25,7,6,39,0,dom_ok
2025-10-14T03:30,7,6,39,0,dom_ok
2025-10-14T03:35,7,6,39,0,dom_ok
2025-10-14T03:40,7,6,39,0,dom_ok
2025-10-14T03:45,7,6,39,0,dom_ok
2025-10-14T03:50,7,6,39,0,dom_ok
2025-10-14T03:55,7,6,39,0,dom_ok
2025-10-14T04:00,7,7,39,0,dom_ok
2025-10-14T04:05,7,7,39,0,dom_ok
2025-10-14T04:10,7,7,39,0,dom_ok
2025-10-14T04:15,7,6,39,0,dom_ok
2025-10-14T04:20,7,6,39,0,dom_ok
2025-10-14T04:25,7,6,39,0,dom_ok
2025-10-14T04:30,7,6,39,0,dom_ok
2025-10-14T04:35,7,6,39,40,dom_ok
2025-10-14T04:40,7,6,39,40,dom_ok
2025-10-14T04:45,7,6,39,40,dom_ok
2025-10-14T04:50,7,6,39,40,dom_ok
2025-10-14T04:55,7,6,39,40,dom_ok
2025-10-14T05:00,7,6,39,40,dom_ok
2025-10-14T05:05,7,6,39,40,dom_ok
2025-10-14T05:10,7,7,39,39,dom_ok
2025-10-14T05:15,7,7,39,38,dom_ok
2025-10-14T05:20,7,7,39,37,dom_ok
2025-10-14T05:25,7,7,39,38,dom_ok
2025-10-14T05:30,7,7,39,39,dom_ok
2025-10-14T05:35,7,6,39,40,dom_ok
2025-10-14T05:40,7,7,36,40,dom_ok
2025-10-14T05:45,7,6,36,40,dom_ok
2025-10-14T05:50,7,6,36,40,dom_ok
2025-10-14T05:55,8,6,32,40,dom_ok
2025-10-14T06:00,8,6,31,40,dom_ok
2025-10-14T06:05,9,7,28,40,dom_ok
2025-10-14T06:10,10,7,27,35,dom_ok
2025-10-14T06:15,10,7,25,36,dom_ok
2025-10-14T06:20,11,7,24,35,dom_ok
2025-10-14T06:25,13,8,21,33,dom_ok
2025-10-14T06:30,15,8,18,32,dom_ok
2025-10-14T06:35,15,8,17,32,dom_ok
2025-10-14T06:40,17,8,15,32,dom_ok
2025-10-14T06:45,18,9,15,29,dom_ok
2025-10-14T06:50,18,9,14,29,dom_ok
2025-10-14T06:55,22,9,12,29,dom_ok
2025-10-14T07:00,22,9,12,29,dom_ok
2025-10-14T07:05,23,9,11,29,dom_ok
2025-10-14T07:10,23,9,11,29,dom_ok
2025-10-14T07:15,22,9,12,29,dom_ok
2025-10-14T07:20,24,10,11,27,dom_ok
2025-10-14T07:25,25,10,10,26,dom_ok
2025-10-14T07:30,29,10,9,26,dom_ok
2025-10-14T07:35,28,10,9,25,dom_ok
2025-10-14T07:40,31,10,8,25,dom_ok
2025-10-14T07:45,31,10,8,25,dom_ok
2025-10-14T07:50,31,11,8,24,dom_ok
2025-10-14T07:55,34,11,8,23,dom_ok
2025-10-14T08:00,35,12,8,22,dom_ok
2025-10-14T15:50,9,10,30,25,dom_ok
2025-10-14T15:55,9,10,28,25,dom_ok
2025-10-14T16:00,10,12,25,22,dom_ok
2025-10-14T16:05,11,12,23,21,dom_ok
2025-10-14T16:10,11,13,23,20,dom_ok
2025-10-14T16:15,11,12,23,21,dom_ok
2025-10-14T16:20,11,13,24,20,dom_ok
2025-10-14T16:25,13,12,21,21,dom_ok
2025-10-14T16:30,15,13,18,20,dom_ok
2025-10-14T16:35,16,13,16,21,dom_ok
2025-10-14T16:40,17,13,15,19,dom_ok
2025-10-14T16:45,17,13,15,19,dom_ok
2025-10-14T16:50,20,13,13,20,dom_ok
2025-10-14T16:55,19,13,14,20,dom_ok
2025-10-14T17:00,19,13,14,20,dom_ok
2025-10-14T17:05,18,12,14,22,dom_ok
2025-10-14T17:10,19,13,14,20,dom_ok
2025-10-14T17:15,20,12,13,22,dom_ok
2025-10-14T17:20,21,13,13,20,dom_ok
2025-10-14T17:25,22,12,12,21,dom_ok
2025-10-14T17:30,23,13,11,20,dom_ok
2025-10-14T17:35,27,13,10,20,dom_ok
2025-10-14T18:04,29,12,9,21,dom_ok
2025-10-14T18:05,27,12,10,22,dom_ok
2025-10-14T18:10,26,11,10,23,dom_ok
2025-10-14T18:15,26,11,10,24,dom_ok
2025-10-14T18:20,27,10,10,25,dom_ok
2025-10-14T18:25,20,9,13,29,dom_ok
2025-10-14T18:30,18,9,15,29,dom_ok
2025-10-14T18:35,18,9,15,29,dom_ok
2025-10-14T18:40,20,8,13,31,dom_ok
2025-10-14T18:45,25,8,11,31,dom_ok
2025-10-14T18:50,28,9,9,30,dom_ok
2025-10-14T18:55,23,9,11,28,dom_ok
2025-10-14T19:00,0,10,0,26,dom_ok
2025-10-14T19:05,36,11,7,24,dom_ok
2025-10-14T19:10,40,9,6,28,dom_ok
2025-10-14T19:15,42,8,6,33,dom_ok
2025-10-14T19:20,43,9,6,30,dom_ok
2025-10-14T19:25,41,8,6,34,dom_ok
2025-10-14T19:30,32,7,8,36,dom_ok
2025-10-14T19:35,28,8,10,32,dom_ok
2025-10-14T19:40,26,8,10,33,dom_ok
2025-10-14T19:45,24,8,11,33,dom_ok
2025-10-14T19:50,16,7,16,36,dom_ok
2025-10-14T19:55,13,7,20,36,dom_ok
2025-10-14T20:00,12,7,22,35,dom_ok
2025-10-14T20:05,9,7,28,36,dom_ok
2025-10-14T20:10,8,7,35,39,dom_ok
2025-10-14T20:15,7,7,38,36,dom_ok
2025-10-14T20:20,8,7,34,38,dom_ok
2025-10-14T20:25,7,7,36,38,dom_ok
2025-10-14T20:30,7,7,36,38,dom_ok
2025-10-14T20:35,7,7,38,37,dom_ok
2025-10-14T20:40,7,7,39,37,dom_ok
2025-10-14T20:45,7,7,39,37,dom_ok
2025-10-14T20:50,7,7,38,35,dom_ok
2025-10-14T20:55,7,7,37,36,dom_ok
2025-10-14T21:00,7,8,37,34,dom_ok
2025-10-14T21:05,7,7,36,37,dom_ok
2025-10-14T21:10,7,7,39,38,dom_ok
2025-10-14T21:15,7,7,38,39,dom_ok
2025-10-14T21:20,7,7,37,38,dom_ok
2025-10-14T21:25,7,7,37,38,dom_ok
2025-10-14T21:30,7,7,38,40,dom_ok
2025-10-14T21:35,7,7,38,40,dom_ok
2025-10-14T21:40,7,7,37,38,dom_ok
2025-10-14T21:45,7,7,37,36,dom_ok
2025-10-14T21:50,7,7,37,39,dom_ok
2025-10-14T21:55,7,7,37,38,dom_ok
2025-10-14T22:00,7,8,39,33,dom_ok
2025-10-14T22:05,7,8,39,33,dom_ok
2025-10-14T22:10,7,8,38,33,dom_ok
2025-10-14T22:15,7,7,39,37,dom_ok
2025-10-14T22:20,7,7,39,38,dom_ok
2025-10-14T22:25,7,7,38,39,dom_ok
2025-10-14T22:30,7,7,38,39,dom_ok
2025-10-14T22:35,7,7,38,37,dom_ok
2025-10-14T22:40,7,7,0,36,dom_ok
2025-10-14T22:45,7,8,0,34,dom_ok
2025-10-14T22:50,7,8,0,32,dom_ok
2025-10-14T22:55,7,9,0,29,dom_ok
2025-10-14T23:00,7,10,0,26,dom_ok
2025-10-14T23:05,7,11,0,24,dom_ok
2025-10-14T23:10,7,11,0,24,dom_ok
2025-10-14T23:15,7,11,0,24,dom_ok
2025-10-14T23:20,8,10,0,25,dom_ok
2025-10-14T23:25,7,14,0,19,dom_ok
2025-10-14T23:30,7,13,0,20,dom_ok
2025-10-14T23:35,7,13,0,20,dom_ok
2025-10-14T23:40,8,9,0,28,dom_ok
2025-10-14T23:45,8,7,0,39,dom_ok
2025-10-14T23:50,9,7,0,40,dom_ok
2025-10-14T23:55,8,6,0,40,dom_ok
2025-10-15T00:00,7,6,0,40,dom_ok
2025-10-15T00:05,7,7,0,40,dom_ok
2025-10-15T00:10,8,7,0,37,dom_ok
2025-10-15T00:15,7,6,0,40,dom_ok
2025-10-15T00:20,7,6,0,40,dom_ok
2025-10-15T00:25,7,7,0,39,dom_ok
2025-10-15T00:30,7,7,0,39,dom_ok
2025-10-15T00:35,7,7,0,40,dom_ok
2025-10-15T00:40,8,6,0,40,dom_ok
2025-10-15T00:45,9,6,0,40,dom_ok
2025-10-15T00:50,8,6,0,40,dom_ok
2025-10-15T00:55,7,6,0,40,dom_ok
2025-10-15T01:00,7,6,0,40,dom_ok
2025-10-15T01:05,7,6,0,40,dom_ok
2025-10-15T01:10,7,6,0,40,dom_ok
2025-10-15T01:15,7,6,0,40,dom_ok
2025-10-15T01:20,7,6,0,40,dom_ok
2025-10-15T01:25,7,6,0,40,dom_ok
2025-10-15T01:30,7,6,0,40,dom_ok
2025-10-15T01:35,0,6,0,40,dom_ok
2025-10-15T01:40,0,6,0,40,dom_ok
2025-10-15T01:45,0,6,0,40,dom_ok
2025-10-15T01:50,0,6,0,40,dom_ok
2025-10-15T01:55,0,6,0,40,dom_ok
2025-10-15T02:00,0,6,0,40,dom_ok
2025-10-15T02:05,0,6,0,40,dom_ok
2025-10-15T02:10,0,6,0,40,dom_ok
2025-10-15T02:15,0,6,0,40,dom_ok
2025-10-15T02:20,0,6,0,40,dom_ok
2025-10-15T02:25,0,6,0,40,dom_ok
2025-10-15T02:30,0,6,0,40,dom_ok
2025-10-15T02:35,0,6,0,40,dom_ok
2025-10-15T02:40,0,6,0,40,dom_ok
2025-10-15T02:45,0,6,0,40,dom_ok
2025-10-15T02:50,0,6,0,40,dom_ok
2025-10-15T02:55,0,6,0,40,dom_ok
2025-10-15T03:00,0,6,0,40,dom_ok
2025-10-15T03:05,0,6,0,40,dom_ok
2025-10-15T03:10,0,6,0,40,dom_ok
2025-10-15T03:15,0,6,0,40,dom_ok
2025-10-15T03:20,0,6,0,40,dom_ok
2025-10-15T03:25,0,6,0,40,dom_ok
2025-10-15T03:30,0,6,0,40,dom_ok
2025-10-15T03:35,0,6,0,40,dom_ok
2025-10-15T03:40,0,7,0,40,dom_ok
2025-10-15T03:45,0,6,0,40,dom_ok
2025-10-15T03:50,0,6,0,40,dom_ok
2025-10-15T03:55,0,6,0,40,dom_ok
2025-10-15T04:00,0,6,0,40,dom_ok
2025-10-15T04:05,0,7,0,40,dom_ok
2025-10-15T04:10,0,7,0,40,dom_ok
2025-10-15T04:15,0,6,0,40,dom_ok
2025-10-15T04:20,0,6,0,40,dom_ok
2025-10-15T04:25,0,6,0,40,dom_ok
2025-10-15T04:30,0,6,0,40,dom_ok
2025-10-15T04:35,0,6,0,40,dom_ok
2025-10-15T04:40,0,6,0,40,dom_ok
2025-10-15T04:45,0,6,0,40,dom_ok
2025-10-15T04:50,7,6,0,40,dom_ok
2025-10-15T04:55,7,6,0,40,dom_ok
2025-10-15T05:00,7,6,0,40,dom_ok
2025-10-15T05:05,7,6,0,40,dom_ok
2025-10-15T05:10,7,6,39,40,dom_ok
2025-10-15T05:15,0,7,0,39,dom_ok
2025-10-15T05:20,7,6,36,40,dom_ok
2025-10-15T05:25,8,6,33,40,dom_ok
2025-10-15T05:30,8,6,31,40,dom_ok
2025-10-15T05:35,7,6,36,40,dom_ok
2025-10-15T05:40,7,6,38,40,dom_ok
2025-10-15T05:45,7,6,36,40,dom_ok
2025-10-15T05:50,7,6,36,40,dom_ok
2025-10-15T05:55,8,6,34,40,dom_ok
2025-10-15T06:00,8,6,33,40,dom_ok
2025-10-15T06:05,8,6,33,40,dom_ok
2025-10-15T06:10,9,6,31,40,dom_ok
2025-10-15T06:15,9,7,29,35,dom_ok
2025-10-15T06:20,9,8,29,34,dom_ok
2025-10-15T06:25,11,8,24,34,dom_ok
2025-10-15T06:30,11,8,24,34,dom_ok
2025-10-15T06:35,12,8,22,34,dom_ok
2025-10-15T06:40,14,9,18,28,dom_ok
2025-10-15T06:45,15,9,17,28,dom_ok
2025-10-15T06:50,16,9,16,29,dom_ok
2025-10-15T06:55,18,12,15,22,dom_ok
2025-10-15T07:00,21,17,12,15,dom_ok
2025-10-15T07:05,22,17,12,15,dom_ok
2025-10-15T07:10,26,22,10,12,dom_ok
2025-10-15T07:15,24,24,11,11,dom_ok
2025-10-15T07:20,22,28,12,9,dom_ok
2025-10-15T07:25,21,30,12,9,dom_ok
2025-10-15T07:30,20,25,13,10,dom_ok
2025-10-15T07:35,21,20,12,13,dom_ok
2025-10-15T07:40,25,15,11,17,dom_ok
2025-10-15T07:45,25,13,10,20,dom_ok
2025-10-15T07:50,27,12,10,22,dom_ok
2025-10-15T07:55,29,12,9,22,dom_ok
2025-10-15T08:00,30,11,9,23,dom_ok
2025-10-15T08:05,31,12,8,22,dom_ok
2025-10-15T08:10,29,12,9,22,dom_ok
2025-10-15T08:15,30,11,9,23,dom_ok
2025-10-15T08:20,30,10,9,26,dom_ok
2025-10-15T08:25,31,11,9,24,dom_ok
2025-10-15T08:30,31,11,9,24,dom_ok
2025-10-15T08:35,31,11,9,23,dom_ok
2025-10-15T08:40,28,13,9,20,dom_ok
2025-10-15T08:45,28,13,9,21,dom_ok
2025-10-15T08:50,29,13,9,20,dom_ok
2025-10-15T08:55,29,13,9,20,dom_ok
2025-10-15T09:00,27,13,10,19,dom_ok
2025-10-15T09:05,24,12,11,21,dom_ok
2025-10-15T09:10,24,12,11,22,dom_ok
2025-10-15T09:15,23,10,11,25,dom_ok
2025-10-15T09:20,22,10,12,27,dom_ok
2025-10-15T09:25,20,10,13,26,dom_ok
2025-10-15T09:30,19,9,14,28,dom_ok
2025-10-15T09:35,18,11,15,23,dom_ok
2025-10-15T09:40,16,11,16,24,dom_ok
2025-10-15T09:45,13,11,20,23,dom_ok
2025-10-15T09:50,14,10,19,27,dom_ok
2025-10-15T09:55,14,10,19,27,dom_ok
2025-10-15T10:00,13,10,20,27,dom_ok
2025-10-15T10:05,11,8,24,33,dom_ok
2025-10-15T10:10,11,8,24,33,dom_ok
2025-10-15T10:15,11,7,24,35,dom_ok
2025-10-15T10:20,11,7,23,35,dom_ok
2025-10-15T10:25,11,7,24,36,dom_ok
2025-10-15T10:30,8,7,31,37,dom_ok
2025-10-15T10:35,8,7,33,36,dom_ok
2025-10-15T10:40,8,7,34,38,dom_ok
2025-10-15T10:45,8,7,34,37,dom_ok
2025-10-15T10:50,8,7,35,36,dom_ok
2025-10-15T10:55,8,7,35,36,dom_ok
2025-10-15T11:00,7,7,36,36,dom_ok
2025-10-15T11:05,7,9,37,30,dom_ok
2025-10-15T11:10,7,8,38,32,dom_ok
2025-10-15T11:15,7,7,37,39,dom_ok
2025-10-15T11:20,7,7,37,36,dom_ok
2025-10-15T11:25,8,7,33,39,dom_ok
2025-10-15T11:30,8,6,34,40,dom_ok
2025-10-15T11:35,7,7,37,36,dom_ok
2025-10-15T11:40,7,8,35,34,dom_ok
2025-10-15T11:45,8,7,33,36,dom_ok
2025-10-15T11:47,8,7,33,36,dom_ok
2025-10-15T11:48,8,7,33,36,dom_ok
2025-10-15T11:50,7,9,37,30,dom_ok
2025-10-15T11:53,7,9,37,30,dom_ok
2025-10-15T11:55,7,10,37,26,dom_ok
2025-10-15T12:00,7,10,37,26,dom_ok
2025-10-15T12:05,7,14,37,19,dom_ok
2025-10-15T12:10,7,24,37,11,dom_ok
2025-10-15T12:15,7,12,37,22,dom_ok
2025-10-15T12:20,7,11,38,23,dom_ok
2025-10-15T12:25,7,10,38,26,dom_ok
2025-10-15T12:30,7,8,37,31,dom_ok
2025-10-15T12:35,7,8,37,34,dom_ok
2025-10-15T12:40,7,7,36,38,dom_ok
2025-10-15T12:45,7,7,36,38,dom_ok
2025-10-15T12:50,7,7,35,37,dom_ok
2025-10-15T12:55,7,7,36,38,dom_ok
2025-10-15T13:00,7,7,36,38,dom_ok
2025-10-15T13:05,7,7,37,38,dom_ok
2025-10-15T13:10,7,7,36,36,dom_ok
2025-10-15T13:15,7,7,37,36,dom_ok
2025-10-15T13:20,7,7,37,38,dom_ok
2025-10-15T13:25,7,7,38,38,dom_ok
2025-10-15T13:30,7,7,35,36,dom_ok
2025-10-15T13:35,8,7,34,36,dom_ok
2025-10-15T13:40,9,7,31,36,dom_ok
2025-10-15T14:25,11,8,23,32,dom_ok
2025-10-15T14:33,11,8,23,33,dom_ok
2025-10-15T14:44,11,8,24,33,dom_ok
2025-10-15T14:55,10,8,25,31,dom_ok
2025-10-15T15:01,11,8,24,31,dom_ok
2025-10-15T15:06,11,8,24,32,dom_ok
2025-10-15T15:11,11,8,24,33,dom_ok
2025-10-15T15:15,11,8,25,31,dom_ok
2025-10-15T15:32,10,9,25,28,dom_ok
2025-10-15T15:36,10,9,27,28,dom_ok
2025-10-15T15:41,11,10,24,27,dom_ok
2025-10-15T15:48,11,10,25,25,dom_ok
2025-10-15T15:50,11,10,25,25,dom_ok
2025-10-15T15:55,11,11,24,23,dom_ok
2025-10-15T16:00,11,12,23,22,dom_ok
2025-10-15T16:05,11,14,24,19,dom_ok
2025-10-15T16:10,11,14,25,19,dom_ok
2025-10-15T16:15,10,14,25,19,dom_ok
2025-10-15T16:21,12,16,22,16,dom_ok
2025-10-15T16:30,12,15,23,17,dom_ok
2025-10-15T16:35,13,14,21,19,dom_ok
2025-10-15T16:40,14,14,18,18,dom_ok
2025-10-15T16:45,14,14,18,19,dom_ok
2025-10-15T16:50,15,14,17,19,dom_ok
2025-10-15T16:55,16,13,16,21,dom_ok
2025-10-15T17:00,16,12,16,22,dom_ok
2025-10-15T17:05,18,13,15,20,dom_ok
2025-10-15T17:10,18,13,15,20,dom_ok
2025-10-15T17:15,20,13,13,20,dom_ok
2025-10-15T17:20,23,14,11,18,dom_ok
2025-10-15T17:25,23,14,11,18,dom_ok
2025-10-15T17:30,25,15,10,17,dom_ok
2025-10-15T17:35,30,13,9,19,dom_ok
2025-10-15T17:40,29,15,9,17,dom_ok
2025-10-15T17:45,29,15,9,17,dom_ok
2025-10-15T17:50,35,10,7,27,dom_ok
2025-10-15T17:55,36,9,7,27,dom_ok
2025-10-15T18:00,37,10,7,27,dom_ok
2025-10-15T18:05,35,10,7,26,dom_ok
2025-10-15T18:10,30,10,9,25,dom_ok
2025-10-15T18:15,28,11,9,23,dom_ok
2025-10-15T18:20,27,11,10,23,dom_ok
2025-10-15T18:25,23,11,11,24,dom_ok
2025-10-15T18:30,20,11,13,23,dom_ok
2025-10-15T18:35,18,11,14,24,dom_ok
2025-10-15T18:40,20,11,13,23,dom_ok
2025-10-15T18:45,20,11,13,23,dom_ok
2025-10-15T18:50,19,11,14,24,dom_ok
2025-10-15T18:55,19,9,14,30,dom_ok
2025-10-15T19:00,18,8,15,32,dom_ok
2025-10-15T19:05,16,9,16,28,dom_ok
2025-10-15T19:10,15,8,18,33,dom_ok
2025-10-15T19:15,13,8,21,32,dom_ok
2025-10-15T19:20,11,9,23,30,dom_ok
2025-10-15T19:25,11,9,24,30,dom_ok
2025-10-15T19:30,11,9,24,30,dom_ok
2025-10-15T19:35,10,7,27,36,dom_ok
2025-10-15T19:40,8,7,33,37,dom_ok
2025-10-15T19:45,8,7,33,36,dom_ok
2025-10-15T19:50,8,7,34,35,dom_ok
2025-10-15T19:55,8,7,33,35,dom_ok
2025-10-15T20:00,7,7,35,35,dom_ok
2025-10-15T20:05,7,8,38,34,dom_ok
2025-10-15T20:10,7,7,35,36,dom_ok
2025-10-15T20:15,7,8,37,33,dom_ok
2025-10-15T20:20,7,7,37,37,dom_ok
2025-10-15T20:25,7,7,37,35,dom_ok
2025-10-15T20:30,7,7,36,38,dom_ok
2025-10-15T20:35,7,7,36,38,dom_ok
2025-10-15T20:40,7,8,37,34,dom_ok
2025-10-15T20:45,7,7,37,38,dom_ok
2025-10-15T20:50,7,6,37,40,dom_ok
2025-10-15T20:55,7,7,37,38,dom_ok
2025-10-15T21:00,7,7,36,38,dom_ok
2025-10-15T21:05,7,7,36,39,dom_ok
2025-10-15T21:10,7,7,37,37,dom_ok
2025-10-15T21:15,7,7,37,36,dom_ok
2025-10-15T21:20,7,7,36,37,dom_ok
2025-10-15T21:25,7,8,36,33,dom_ok
2025-10-15T21:30,7,8,36,33,dom_ok
2025-10-15T21:35,7,8,36,34,dom_ok
2025-10-15T21:40,7,7,35,35,dom_ok
2025-10-15T21:45,8,7,32,36,dom_ok
2025-10-15T21:50,8,7,32,36,dom_ok
2025-10-15T21:55,8,9,33,30,dom_ok
2025-10-15T22:01,8,7,35,36,dom_ok
2025-10-15T22:05,8,7,35,36,dom_ok
2025-10-15T22:10,7,8,35,34,dom_ok
2025-10-15T22:15,7,7,37,39,dom_ok
2025-10-15T22:20,7,7,37,38,dom_ok
2025-10-15T22:25,7,8,37,33,dom_ok
2025-10-15T22:30,7,8,38,33,dom_ok
2025-10-15T22:35,7,8,37,33,dom_ok
2025-10-15T22:40,7,8,38,31,dom_ok
2025-10-15T22:45,8,10,35,27,dom_ok
2025-10-15T22:50,8,9,34,27,dom_ok
2025-10-15T22:55,7,9,0,27,dom_ok;invalid_time_to_ny
2025-10-15T23:00,7,9,0,28,dom_ok;invalid_time_to_ny
2025-10-15T23:05,7,9,0,28,dom_ok;invalid_time_to_ny
2025-10-15T23:10,7,9,0,28,dom_ok;invalid_time_to_ny
2025-10-15T23:15,7,9,0,28,dom_ok;invalid_time_to_ny
2025-10-15T23:20,7,12,0,21,dom_ok;invalid_time_to_ny
2025-10-15T23:25,8,12,0,21,dom_ok;invalid_time_to_ny
2025-10-15T23:30,7,14,0,18,dom_ok;invalid_time_to_ny
2025-10-15T23:35,7,17,0,16,dom_ok;invalid_time_to_ny
2025-10-15T23:40,7,15,0,6,dom_ok;invalid_time_to_ny
2025-10-15T23:45,8,17,0,5,dom_ok;invalid_time_to_ny
2025-10-15T23:50,7,17,0,5,dom_ok;invalid_time_to_ny
2025-10-15T23:55,8,17,0,5,dom_ok;invalid_time_to_ny
2025-10-16T00:00,7,17,0,5,dom_ok;invalid_time_to_ny
2025-10-16T00:05,8,15,0,6,dom_ok;invalid_time_to_ny
2025-10-16T00:10,7,15,0,6,dom_ok;invalid_time_to_ny
2025-10-16T00:15,8,13,0,6,dom_ok;invalid_time_to_ny
2025-10-16T00:20,7,23,0,11,dom_ok;invalid_time_to_ny
2025-10-16T00:25,7,23,0,11,dom_ok;invalid_time_to_ny
2025-10-16T00:30,7,22,0,11,dom_ok;invalid_time_to_ny
2025-10-16T00:35,7,22,0,12,dom_ok;invalid_time_to_ny
2025-10-16T00:40,7,22,0,12,dom_ok;invalid_time_to_ny
2025-10-16T00:45,7,22,0,12,dom_ok;invalid_time_to_ny
2025-10-16T00:50,7,20,0,13,dom_ok;invalid_time_to_ny
2025-10-16T00:55,8,19,0,14,dom_ok;invalid_time_to_ny
2025-10-16T01:00,7,20,0,13,dom_ok;invalid_time_to_ny
2025-10-16T01:05,8,21,0,13,dom_ok;invalid_time_to_ny
2025-10-16T01:10,7,21,0,13,dom_ok;invalid_time_to_ny
2025-10-16T01:15,7,21,0,13,dom_ok;invalid_time_to_ny
2025-10-16T01:20,7,19,0,14,dom_ok;invalid_time_to_ny
2025-10-16T01:25,8,16,0,16,dom_ok;invalid_time_to_ny
2025-10-16T01:30,7,14,0,18,dom_ok;invalid_time_to_ny
2025-10-16T01:35,8,11,0,24,dom_ok;invalid_time_to_ny
2025-10-16T01:40,7,7,0,35,dom_ok;invalid_time_to_ny
2025-10-16T01:45,7,6,0,40,dom_ok;invalid_time_to_ny
2025-10-16T01:50,7,6,0,40,dom_ok;invalid_time_to_ny
2025-10-16T01:55,7,6,0,40,dom_ok;invalid_time_to_ny
2025-10-16T02:00,7,6,0,40,dom_ok;invalid_time_to_ny
2025-10-16T02:05,7,6,0,40,dom_ok;invalid_time_to_ny
2025-10-16T02:10,7,6,0,40,dom_ok;invalid_time_to_ny
2025-10-16T02:15,7,6,0,40,dom_ok;invalid_time_to_ny
2025-10-16T02:20,,6,0,40,dom_ok;invalid_time_to_ny
2025-10-16T02:25,,6,0,40,dom_ok;invalid_time_to_ny
2025-10-16T02:30,,6,0,40,dom_ok;invalid_time_to_ny
2025-10-16T02:35,,6,0,40,dom_ok;invalid_time_to_ny
2025-10-16T02:40,,6,0,40,dom_ok;invalid_time_to_ny
2025-10-16T02:45,,6,0,40,dom_ok;invalid_time_to_ny
2025-10-16T02:50,,7,0,39,dom_ok;invalid_time_to_ny
2025-10-16T02:55,,6,0,40,dom_ok;invalid_time_to_ny
2025-10-16T03:00,,6,0,40,dom_ok;invalid_time_to_ny
2025-10-16T03:05,,6,0,40,dom_ok;invalid_time_to_ny
2025-10-16T03:10,,6,0,40,dom_ok;invalid_time_to_ny
2025-10-16T03:15,,6,0,40,dom_ok;invalid_time_to_ny
2025-10-16T03:20,,6,0,40,dom_ok;invalid_time_to_ny
2025-10-16T03:25,,6,0,40,dom_ok;invalid_time_to_ny
2025-10-16T03:30,,6,0,40,dom_ok;invalid_time_to_ny
2025-10-16T03:35,,6,0,40,dom_ok;invalid_time_to_ny
2025-10-16T03:40,,6,0,40,dom_ok;invalid_time_to_ny
2025-10-16T03:45,,6,0,40,dom_ok;invalid_time_to_ny
2025-10-16T03:50,,6,0,40,dom_ok;invalid_time_to_ny
2025-10-16T03:55,,8,0,32,dom_ok;invalid_time_to_ny
2025-10-16T04:00,,6,0,40,dom_ok;invalid_time_to_ny
2025-10-16T04:05,,6,0,40,dom_ok;invalid_time_to_ny
2025-10-16T04:10,,6,0,40,dom_ok;invalid_time_to_ny
2025-10-16T04:15,,6,0,40,dom_ok;invalid_time_to_ny
2025-10-16T04:20,,6,0,40,dom_ok;invalid_time_to_ny
2025-10-16T04:25,,6,0,40,dom_ok;invalid_time_to_ny
2025-10-16T04:30,,6,0,40,dom_ok;invalid_time_to_ny
2025-10-16T04:35,,6,0,40,dom_ok;invalid_time_to_ny
2025-10-16T04:40,,6,0,40,dom_ok;invalid_time_to_ny
2025-10-16T04:45,,6,0,40,dom_ok;invalid_time_to_ny
2025-10-16T04:50,,6,0,40,dom_ok;invalid_time_to_ny
2025-10-16T04:55,,6,0,40,dom_ok;invalid_time_to_ny
2025-10-16T05:00,7,6,39,40,dom_ok
2025-10-16T05:05,11,6,25,40,dom_ok
2025-10-16T05:10,11,6,25,40,dom_ok
2025-10-16T05:15,7,6,39,40,dom_ok
2025-10-16T05:20,7,6,39,40,dom_ok
2025-10-16T05:25,7,6,39,40,dom_ok
2025-10-16T05:30,7,6,39,40,dom_ok
2025-10-16T05:35,7,6,38,40,dom_ok
2025-10-16T05:40,7,6,36,40,dom_ok
2025-10-16T05:45,7,6,36,40,dom_ok
2025-10-16T05:50,8,6,35,40,dom_ok
2025-10-16T05:55,8,6,33,40,dom_ok
2025-10-16T06:00,8,6,33,40,dom_ok
2025-10-16T06:05,9,6,29,40,dom_ok
2025-10-16T06:10,10,6,27,40,dom_ok
2025-10-16T06:15,12,8,22,34,dom_ok
2025-10-16T06:20,14,8,19,34,dom_ok
2025-10-16T06:25,16,8,16,33,dom_ok
2025-10-16T06:30,19,8,14,33,dom_ok
2025-10-16T06:35,17,8,15,33,dom_ok
2025-10-16T06:40,18,8,14,32,dom_ok
2025-10-16T06:45,19,8,14,32,dom_ok
2025-10-16T06:50,21,8,13,33,dom_ok
2025-10-16T06:55,24,9,11,30,dom_ok
2025-10-16T07:00,24,9,11,30,dom_ok
2025-10-16T07:05,25,9,10,30,dom_ok
2025-10-16T07:10,26,9,10,29,dom_ok
2025-10-16T07:15,26,9,10,29,dom_ok
2025-10-16T07:20,27,9,10,28,dom_ok
2025-10-16T07:25,29,9,9,28,dom_ok
2025-10-16T07:30,26,9,10,29,dom_ok
2025-10-16T07:35,29,9,9,28,dom_ok
2025-10-16T07:40,28,9,9,27,dom_ok
2025-10-16T07:45,31,10,9,26,dom_ok
2025-10-16T07:50,33,10,8,25,dom_ok
2025-10-16T07:55,33,10,8,25,dom_ok
2025-10-16T08:00,33,10,8,26,dom_ok
2025-10-16T08:05,36,9,7,27,dom_ok
2025-10-16T08:10,37,10,7,27,dom_ok
2025-10-16T08:15,39,9,7,28,dom_ok
2025-10-16T08:20,40,8,6,31,dom_ok
2025-10-16T08:25,40,9,7,29,dom_ok
2025-10-16T08:30,41,9,6,30,dom_ok
2025-10-16T08:35,42,9,6,28,dom_ok
2025-10-16T08:40,41,10,6,26,dom_ok
2025-10-16T08:45,41,10,6,25,dom_ok
2025-10-16T08:50,41,10,6,25,dom_ok
2025-10-16T08:55,42,10,6,27,dom_ok
2025-10-16T09:00,42,10,6,27,dom_ok
2025-10-16T09:05,43,10,6,25,dom_ok
2025-10-16T09:10,45,9,6,29,dom_ok
2025-10-16T09:15,45,9,6,27,dom_ok
2025-10-16T09:20,42,10,6,27,dom_ok
2025-10-16T09:25,38,10,7,26,dom_ok
2025-10-16T09:30,36,10,7,25,dom_ok
2025-10-16T09:35,35,10,7,27,dom_ok
2025-10-16T09:40,34,9,8,28,dom_ok
2025-10-16T09:45,33,12,8,22,dom_ok
2025-10-16T09:50,30,11,9,23,dom_ok
2025-10-16T09:55,31,12,9,22,dom_ok
2025-10-16T10:00,29,11,9,25,dom_ok
2025-10-16T10:17,28,9,9,30,dom_ok
2025-10-16T11:30,33,7,8,36,dom_ok
2025-10-16T11:46,25,7,11,38,dom_ok
2025-10-16T12:02,17,7,15,37,dom_ok
2025-10-16T12:10,15,7,17,36,dom_ok
2025-10-16T14:04,13,12,19,21,dom_ok
2025-10-16T15:05,18,10,15,27,dom_ok
2025-10-16T15:10,17,9,16,28,dom_ok
2025-10-16T15:15,17,9,16,28,dom_ok
2025-10-16T15:20,15,11,17,24,dom_ok
2025-10-16T15:25,15,12,18,21,dom_ok
2025-10-16T15:30,15,13,17,20,dom_ok
2025-10-16T15:35,17,14,15,18,dom_ok
2025-10-16T15:40,13,17,21,16,dom_ok
2025-10-16T15:45,13,17,20,15,dom_ok
2025-10-16T15:50,16,19,16,13,dom_ok
2025-10-16T15:55,16,18,17,15,dom_ok
2025-10-16T16:00,16,16,16,17,dom_ok
2025-10-16T16:05,19,12,14,21,dom_ok
2025-10-16T16:10,22,12,12,22,dom_ok
2025-10-16T16:15,22,12,12,22,dom_ok
2025-10-16T16:20,20,13,13,20,dom_ok
2025-10-16T16:25,20,13,13,20,dom_ok
2025-10-16T16:30,19,14,14,18,dom_ok
2025-10-16T16:35,21,14,12,18,dom_ok
2025-10-16T16:40,19,17,14,15,dom_ok
2025-10-16T16:45,21,17,12,15,dom_ok
2025-10-16T16:50,21,18,13,14,dom_ok
2025-10-16T16:55,21,19,13,14,dom_ok
2025-10-16T17:00,20,17,13,16,dom_ok
2025-10-16T17:05,21,18,12,15,dom_ok
2025-10-16T17:10,23,17,11,15,dom_ok
2025-10-16T17:15,26,18,10,15,dom_ok
2025-10-16T17:20,27,19,10,14,dom_ok
2025-10-16T17:25,23,19,11,14,dom_ok
2025-10-16T17:30,33,21,8,12,dom_ok
2025-10-16T17:35,26,19,10,14,dom_ok
2025-10-16T17:49,44,25,6,10,dom_ok
2025-10-16T17:56,44,25,6,10,dom_ok
2025-10-16T18:07,42,25,6,10,dom_ok
2025-10-16T18:15,42,28,6,9,dom_ok
2025-10-16T18:20,44,29,6,9,dom_ok
2025-10-16T18:25,47,31,6,8,dom_ok
2025-10-16T18:30,37,25,7,10,dom_ok
2025-10-16T18:35,37,25,7,10,dom_ok
2025-10-16T18:40,31,21,8,12,dom_ok
2025-10-16T18:45,29,19,9,14,dom_ok
2025-10-16T18:50,26,20,10,13,dom_ok
2025-10-16T18:55,24,19,11,13,dom_ok
2025-10-16T19:00,23,21,11,12,dom_ok
2025-10-16T19:05,23,21,11,12,dom_ok
2025-10-16T19:10,21,17,12,15,dom_ok
2025-10-16T19:15,24,17,11,15,dom_ok
2025-10-16T19:20,22,16,12,16,dom_ok
2025-10-16T19:25,21,15,13,17,dom_ok
2025-10-16T19:30,21,14,12,19,dom_ok
2025-10-16T19:35,20,14,13,19,dom_ok
2025-10-16T19:40,17,11,15,23,dom_ok
2025-10-16T19:45,20,13,13,20,dom_ok
2025-10-16T19:50,20,12,13,22,dom_ok
2025-10-16T19:55,20,12,13,22,dom_ok
2025-10-16T20:00,20,12,13,22,dom_ok
2025-10-16T20:05,20,10,13,25,dom_ok
2025-10-16T20:10,16,8,17,31,dom_ok
2025-10-16T20:15,14,9,19,30,dom_ok
2025-10-16T20:20,11,9,23,29,dom_ok
2025-10-16T20:25,10,9,26,28,dom_ok
2025-10-16T20:30,9,7,30,35,dom_ok
2025-10-16T20:35,8,8,33,31,dom_ok
2025-10-16T20:40,8,8,33,33,dom_ok
2025-10-16T20:45,7,8,36,33,dom_ok
2025-10-16T20:50,8,8,35,31,dom_ok
2025-10-16T20:55,7,9,36,30,dom_ok
2025-10-16T21:00,7,9,36,30,dom_ok
2025-10-16T21:05,7,7,36,35,dom_ok
2025-10-16T21:10,7,8,36,33,dom_ok
2025-10-16T21:15,7,9,35,30,dom_ok
2025-10-16T21:20,7,7,36,39,dom_ok
2025-10-16T21:25,7,7,36,39,dom_ok
2025-10-16T21:30,7,7,37,37,dom_ok
2025-10-16T21:35,7,8,36,33,dom_ok
2025-10-16T21:40,7,8,36,32,dom_ok
2025-10-16T21:45,8,8,33,32,dom_ok
2025-10-16T21:50,8,7,33,37,dom_ok
2025-10-16T21:55,9,8,30,31,dom_ok
2025-10-16T22:00,8,8,33,34,dom_ok
2025-10-16T22:05,8,6,34,40,dom_ok
2025-10-16T22:10,7,7,35,39,dom_ok
2025-10-16T22:15,7,7,36,38,dom_ok
2025-10-16T22:20,7,7,36,36,dom_ok
2025-10-16T22:25,7,7,36,36,dom_ok
2025-10-16T22:30,7,7,36,39,dom_ok
2025-10-16T22:35,8,7,35,38,dom_ok
2025-10-16T22:40,7,7,35,37,dom_ok
2025-10-16T22:45,7,7,35,39,dom_ok
2025-10-16T22:50,8,7,32,40,dom_ok
2025-10-16T22:55,8,6,33,40,dom_ok
2025-10-16T23:00,7,6,35,40,dom_ok
2025-10-16T23:05,7,7,36,38,dom_ok
2025-10-16T23:10,7,7,37,38,dom_ok
2025-10-16T23:15,7,7,38,39,dom_ok
2025-10-16T23:20,7,6,36,0,dom_ok;invalid_time_to_nj
2025-10-16T23:25,7,7,36,0,dom_ok;invalid_time_to_nj
2025-10-16T23:30,7,7,38,0,dom_ok;invalid_time_to_nj
2025-10-16T23:35,7,7,37,0,dom_ok;invalid_time_to_nj
2025-10-16T23:40,7,6,37,0,dom_ok;invalid_time_to_nj
2025-10-16T23:45,7,7,38,0,dom_ok;invalid_time_to_nj
2025-10-16T23:50,7,7,36,0,dom_ok;invalid_time_to_nj
2025-10-16T23:55,7,6,38,0,dom_ok;invalid_time_to_nj
2025-10-17T00:00,7,7,37,0,dom_ok;invalid_time_to_nj
2025-10-17T00:05,7,7,38,0,dom_ok;invalid_time_to_nj
2025-10-17T00:10,7,8,37,0,dom_ok;invalid_time_to_nj
2025-10-17T00:15,7,7,38,0,dom_ok;invalid_time_to_nj
2025-10-17T00:20,7,7,39,0,dom_ok;invalid_time_to_nj
2025-10-17T00:25,7,7,39,0,dom_ok;invalid_time_to_nj
2025-10-17T00:30,7,6,39,0,dom_ok;invalid_time_to_nj
2025-10-17T00:35,7,,39,0,dom_ok;invalid_time_to_nj
2025-10-17T00:40,7,,39,0,dom_ok;invalid_time_to_nj
2025-10-17T00:45,7,,39,0,dom_ok;invalid_time_to_nj
2025-10-17T00:50,7,,39,0,dom_ok;invalid_time_to_nj
2025-10-17T00:55,7,,39,0,dom_ok;invalid_time_to_nj
2025-10-17T01:00,7,,39,0,dom_ok;invalid_time_to_nj
2025-10-17T01:05,7,,39,0,dom_ok;invalid_time_to_nj
2025-10-17T01:10,7,,38,0,dom_ok;invalid_time_to_nj
2025-10-17T01:15,7,,39,0,dom_ok;invalid_time_to_nj
2025-10-17T01:20,7,,38,0,dom_ok;invalid_time_to_nj
2025-10-17T01:25,7,,39,0,dom_ok;invalid_time_to_nj
2025-10-17T01:30,7,,39,0,dom_ok;invalid_time_to_nj
2025-10-17T01:35,7,,38,0,dom_ok;invalid_time_to_nj
2025-10-17T01:40,7,,38,0,dom_ok;invalid_time_to_nj
2025-10-17T01:45,8,,35,0,dom_ok;invalid_time_to_nj
2025-10-17T01:50,7,,38,0,dom_ok;invalid_time_to_nj
2025-10-17T01:55,7,,38,0,dom_ok;invalid_time_to_nj
2025-10-17T02:00,7,,38,0,dom_ok;invalid_time_to_nj
2025-10-17T02:05,7,,39,0,dom_ok;invalid_time_to_nj
2025-10-17T02:10,7,,39,0,dom_ok;invalid_time_to_nj
2025-10-17T02:15,7,,38,0,dom_ok;invalid_time_to_nj
2025-10-17T02:20,7,,39,0,dom_ok;invalid_time_to_nj
2025-10-17T02:25,7,,39,0,dom_ok;invalid_time_to_nj
2025-10-17T02:30,7,,39,0,dom_ok;invalid_time_to_nj
2025-10-17T02:35,7,,38,0,dom_ok;invalid_time_to_nj
2025-10-17T02:40,7,,38,0,dom_ok;invalid_time_to_nj
2025-10-17T02:45,7,,38,0,dom_ok;invalid_time_to_nj
2025-10-17T02:50,7,,37,0,dom_ok;invalid_time_to_nj
2025-10-17T02:55,7,,37,0,dom_ok;invalid_time_to_nj
2025-10-17T03:00,8,,31,0,dom_ok;invalid_time_to_nj
2025-10-17T03:05,7,,38,0,dom_ok;invalid_time_to_nj
2025-10-17T03:10,7,,37,0,dom_ok;invalid_time_to_nj
2025-10-17T03:15,7,,38,0,dom_ok;invalid_time_to_nj
2025-10-17T03:20,7,,38,0,dom_ok;invalid_time_to_nj
2025-10-17T03:25,7,,39,0,dom_ok;invalid_time_to_nj
2025-10-17T03:30,7,,39,0,dom_ok;invalid_time_to_nj
2025-10-17T03:35,7,6,39,0,dom_ok;invalid_time_to_nj
2025-10-17T03:40,7,6,39,0,dom_ok;invalid_time_to_nj
2025-10-17T03:45,7,6,39,0,dom_ok;invalid_time_to_nj
2025-10-17T03:50,7,7,39,0,dom_ok;invalid_time_to_nj
2025-10-17T03:55,7,7,39,0,dom_ok;invalid_time_to_nj
2025-10-17T04:00,7,6,39,0,dom_ok;invalid_time_to_nj
2025-10-17T04:05,7,6,39,0,dom_ok;invalid_time_to_nj
2025-10-17T04:10,7,6,39,0,dom_ok;invalid_time_to_nj
2025-10-17T04:15,7,6,39,0,dom_ok;invalid_time_to_nj
2025-10-17T04:20,7,6,39,0,dom_ok;invalid_time_to_nj
2025-10-17T04:25,7,7,39,0,dom_ok;invalid_time_to_nj
2025-10-17T04:30,7,6,39,0,dom_ok;invalid_time_to_nj
2025-10-17T04:35,7,6,39,0,dom_ok;invalid_time_to_nj
2025-10-17T04:40,7,6,39,0,dom_ok;invalid_time_to_nj
2025-10-17T04:45,7,6,39,40,dom_ok
2025-10-17T04:50,7,6,39,40,dom_ok
2025-10-17T04:55,7,6,39,40,dom_ok
2025-10-17T05:00,7,6,39,40,dom_ok
2025-10-17T05:05,7,6,39,40,dom_ok
2025-10-17T05:10,7,7,39,38,dom_ok
2025-10-17T05:15,7,7,39,38,dom_ok
2025-10-17T05:20,7,7,39,39,dom_ok
2025-10-17T05:25,7,7,35,37,dom_ok
2025-10-17T05:30,7,6,38,40,dom_ok
2025-10-17T05:35,7,6,37,40,dom_ok
2025-10-17T05:40,7,6,37,40,dom_ok
2025-10-17T05:45,7,6,37,40,dom_ok
2025-10-17T05:50,8,6,35,40,dom_ok
2025-10-17T05:55,8,7,34,40,dom_ok
2025-10-17T06:00,8,7,32,39,dom_ok
2025-10-17T06:05,8,7,32,40,dom_ok
2025-10-17T06:10,8,6,33,40,dom_ok
2025-10-17T06:15,8,7,32,36,dom_ok
2025-10-17T06:20,9,7,30,35,dom_ok
2025-10-17T06:25,9,7,30,35,dom_ok
2025-10-17T06:30,9,8,29,33,dom_ok
2025-10-17T06:35,10,8,28,32,dom_ok
2025-10-17T06:40,13,9,20,30,dom_ok
2025-10-17T06:45,15,9,17,30,dom_ok
2025-10-17T06:50,16,9,16,28,dom_ok
2025-10-17T06:55,16,8,16,32,dom_ok
2025-10-17T07:00,16,9,16,30,dom_ok
2025-10-17T07:05,16,9,16,30,dom_ok
2025-10-17T07:10,14,9,18,29,dom_ok
2025-10-17T07:15,13,9,20,30,dom_ok
2025-10-17T07:20,13,9,20,30,dom_ok
2025-10-17T07:25,12,9,22,30,dom_ok
2025-10-17T07:30,12,9,22,28,dom_ok
2025-10-17T07:35,10,9,26,28,dom_ok
2025-10-17T07:40,12,10,22,27,dom_ok
2025-10-17T07:45,12,10,21,26,dom_ok
2025-10-17T07:50,13,10,20,25,dom_ok
2025-10-17T07:55,13,11,20,24,dom_ok
2025-10-17T08:00,12,11,21,23,dom_ok
2025-10-17T08:05,14,11,19,24,dom_ok
2025-10-17T08:10,14,11,19,24,dom_ok
2025-10-17T08:15,13,10,20,25,dom_ok
2025-10-17T08:20,13,10,20,25,dom_ok
2025-10-17T08:25,14,10,19,25,dom_ok
2025-10-17T08:30,15,11,17,24,dom_ok
2025-10-17T08:35,15,11,18,24,dom_ok
2025-10-17T08:40,16,12,17,21,dom_ok
2025-10-17T08:45,16,13,17,20,dom_ok
2025-10-17T08:50,14,13,19,20,dom_ok
2025-10-17T08:55,15,12,18,21,dom_ok
2025-10-17T09:00,16,12,17,22,dom_ok
2025-10-17T09:05,16,11,17,23,dom_ok
2025-10-17T09:10,14,10,18,26,dom_ok
2025-10-17T09:15,14,10,19,25,dom_ok
2025-10-17T09:20,13,10,21,25,dom_ok
2025-10-17T09:25,12,10,22,25,dom_ok
2025-10-17T09:30,15,8,18,31,dom_ok
2025-10-17T09:35,11,10,25,25,dom_ok
2025-10-17T09:40,10,10,25,25,dom_ok
2025-10-17T09:45,10,9,26,28,dom_ok
2025-10-17T09:50,14,9,18,28,dom_ok
2025-10-17T09:55,11,9,25,30,dom_ok
2025-10-17T10:00,10,8,25,31,dom_ok
2025-10-17T10:05,11,8,25,31,dom_ok
2025-10-17T10:10,9,8,29,31,dom_ok
2025-10-17T10:15,9,8,29,32,dom_ok
2025-10-17T10:20,9,8,29,32,dom_ok
2025-10-17T10:25,11,8,24,31,dom_ok
2025-10-17T10:30,11,7,23,35,dom_ok
2025-10-17T10:35,10,7,25,35,dom_ok
2025-10-17T10:40,10,7,26,35,dom_ok
2025-10-17T10:45,10,7,25,36,dom_ok
2025-10-17T10:50,10,8,25,32,dom_ok
2025-10-17T10:55,10,7,27,35,dom_ok
2025-10-17T11:00,10,7,26,35,dom_ok
2025-10-17T11:05,11,8,24,34,dom_ok
2025-10-17T11:10,9,8,29,32,dom_ok
2025-10-17T11:15,9,9,29,29,dom_ok
2025-10-17T11:20,9,9,29,29,dom_ok
2025-10-17T11:25,9,9,30,29,dom_ok
2025-10-17T11:30,8,7,33,37,dom_ok
2025-10-17T11:35,8,7,33,37,dom_ok
2025-10-17T11:40,8,7,33,37,dom_ok
2025-10-17T11:45,8,7,34,38,dom_ok
2025-10-17T11:50,8,7,32,35,dom_ok
2025-10-17T11:55,8,7,35,36,dom_ok
2025-10-17T12:00,8,7,34,36,dom_ok
2025-10-17T12:05,8,7,32,36,dom_ok
2025-10-17T12:10,8,7,33,35,dom_ok
2025-10-17T12:15,8,7,34,36,dom_ok
2025-10-17T12:20,8,7,34,36,dom_ok
2025-10-17T12:25,8,7,32,35,dom_ok
2025-10-17T12:30,8,8,33,34,dom_ok
2025-10-17T12:35,8,8,33,34,dom_ok
2025-10-17T12:40,8,8,32,33,dom_ok
2025-10-17T12:45,8,7,34,36,dom_ok
2025-10-17T12:50,7,8,35,32,dom_ok
2025-10-17T12:55,7,8,36,31,dom_ok
2025-10-17T13:00,7,9,36,30,dom_ok
2025-10-17T13:05,7,8,36,32,dom_ok
2025-10-17T13:10,8,8,33,34,dom_ok
2025-10-17T13:15,7,8,36,33,dom_ok
2025-10-17T13:20,7,8,37,32,dom_ok
2025-10-17T13:25,7,8,37,32,dom_ok
2025-10-17T13:30,7,8,35,31,dom_ok
2025-10-17T13:35,10,8,27,32,dom_ok
2025-10-17T13:40,11,8,24,31,dom_ok
2025-10-17T13:45,12,8,22,31,dom_ok
2025-10-17T13:50,13,9,20,28,dom_ok
2025-10-17T13:55,16,9,17,28,dom_ok
2025-10-17T14:00,15,9,18,28,dom_ok
2025-10-17T14:05,15,9,18,28,dom_ok
2025-10-17T14:10,18,8,15,31,dom_ok
2025-10-17T14:15,17,9,16,29,dom_ok
2025-10-17T14:20,17,9,16,28,dom_ok
2025-10-17T14:25,17,11,16,24,dom_ok
2025-10-17T14:30,17,10,15,25,dom_ok
2025-10-17T14:35,16,11,17,24,dom_ok
2025-10-17T14:40,16,11,17,24,dom_ok
2025-10-17T14:45,20,11,13,24,dom_ok
2025-10-17T14:50,21,11,13,23,dom_ok
2025-10-17T14:55,22,12,12,21,dom_ok
2025-10-17T15:00,22,14,12,19,dom_ok
2025-10-17T15:05,22,14,12,19,dom_ok
2025-10-17T15:10,21,15,13,17,dom_ok
2025-10-17T15:15,20,14,13,19,dom_ok
2025-10-17T15:20,18,15,15,17,dom_ok
2025-10-17T15:25,16,15,16,17,dom_ok
2025-10-17T15:30,16,14,16,18,dom_ok
2025-10-17T15:35,15,14,18,18,dom_ok
2025-10-17T15:40,14,14,19,18,dom_ok
2025-10-17T15:45,14,14,19,18,dom_ok
2025-10-17T15:50,12,13,22,19,dom_ok
2025-10-17T15:55,13,15,21,17,dom_ok
2025-10-17T16:00,13,16,20,16,dom_ok
2025-10-17T16:05,14,18,18,15,dom_ok
2025-10-17T16:10,15,20,17,13,dom_ok
2025-10-17T16:15,15,21,18,13,dom_ok
2025-10-17T16:20,15,21,17,13,dom_ok
2025-10-17T16:25,17,20,15,13,dom_ok
2025-10-17T16:30,17,20,15,13,dom_ok
2025-10-17T16:35,19,18,13,14,dom_ok
2025-10-17T16:40,21,18,13,15,dom_ok
2025-10-17T16:45,20,15,13,17,dom_ok
2025-10-17T16:50,22,16,12,17,dom_ok
2025-10-17T16:55,24,15,11,17,dom_ok
2025-10-17T17:00,24,16,11,16,dom_ok
2025-10-17T17:05,24,17,11,16,dom_ok
2025-10-17T17:10,24,15,11,17,dom_ok
2025-10-17T17:15,25,16,10,16,dom_ok
2025-10-17T17:20,26,16,10,16,dom_ok
2025-10-17T17:25,26,16,10,16,dom_ok
2025-10-17T17:30,27,16,10,16,dom_ok
2025-10-17T17:35,29,18,9,15,dom_ok
2025-10-17T17:40,29,18,9,15,dom_ok
2025-10-17T17:45,33,17,8,16,dom_ok
2025-10-17T17:50,30,16,9,16,dom_ok
2025-10-17T17:55,30,14,9,18,dom_ok
2025-10-17T18:00,32,15,8,18,dom_ok
2025-10-17T18:05,31,16,8,16,dom_ok
2025-10-17T18:10,28,16,9,16,dom_ok
2025-10-17T18:15,27,16,10,16,dom_ok
2025-10-17T18:20,27,16,10,16,dom_ok
2025-10-17T18:25,23,13,12,20,dom_ok
2025-10-17T18:30,24,13,11,20,dom_ok
2025-10-17T18:35,25,14,11,19,dom_ok
2025-10-17T18:40,22,14,12,19,dom_ok
2025-10-17T18:45,21,14,13,18,dom_ok
2025-10-17T18:50,21,14,12,18,dom_ok
2025-10-17T18:55,23,14,12,18,dom_ok
2025-10-17T19:00,20,15,13,18,dom_ok
2025-10-17T19:05,22,14,12,18,dom_ok
2025-10-17T19:10,23,11,12,24,dom_ok
2025-10-17T19:15,22,10,12,26,dom_ok
2025-10-17T19:20,22,8,12,32,dom_ok
2025-10-17T19:25,21,8,13,32,dom_ok
2025-10-17T19:30,18,8,15,32,dom_ok
2025-10-17T19:35,17,8,16,33,dom_ok
2025-10-17T19:40,18,8,14,31,dom_ok
2025-10-17T19:45,20,8,13,31,dom_ok
2025-10-17T19:50,19,9,14,30,dom_ok
2025-10-17T19:55,17,8,15,32,dom_ok
2025-10-17T20:00,17,8,15,34,dom_ok
2025-10-17T20:05,17,9,16,30,dom_ok
2025-10-17T20:10,17,8,16,31,dom_ok
2025-10-17T20:15,19,8,14,33,dom_ok
2025-10-17T20:20,15,8,17,31,dom_ok
2025-10-17T20:25,13,8,20,33,dom_ok
2025-10-17T20:30,12,8,21,32,dom_ok
2025-10-17T20:35,11,8,23,33,dom_ok
2025-10-17T20:40,11,8,23,33,dom_ok
2025-10-17T20:45,10,8,26,33,dom_ok
2025-10-17T20:50,9,8,29,33,dom_ok
2025-10-17T20:55,8,8,31,34,dom_ok
2025-10-17T21:00,8,7,33,35,dom_ok
2025-10-17T21:05,8,7,33,39,dom_ok
2025-10-17T21:10,7,8,35,33,dom_ok
2025-10-17T21:15,7,7,35,35,dom_ok
2025-10-17T21:20,8,8,34,33,dom_ok
2025-10-17T21:25,8,7,35,35,dom_ok
2025-10-17T21:30,7,7,36,35,dom_ok
2025-10-17T21:35,7,7,36,35,dom_ok
2025-10-17T21:40,7,7,37,35,dom_ok
2025-10-17T21:45,7,7,38,37,dom_ok
2025-10-17T21:50,7,7,37,38,dom_ok
2025-10-17T21:55,7,8,37,33,dom_ok
2025-10-17T22:00,7,7,36,35,dom_ok
2025-10-17T22:05,7,7,37,35,dom_ok
2025-10-17T22:10,7,7,37,38,dom_ok
2025-10-17T22:15,7,7,37,37,dom_ok
2025-10-17T22:20,7,8,36,34,dom_ok
2025-10-17T22:25,7,7,37,35,dom_ok
2025-10-17T22:30,7,8,37,34,dom_ok
2025-10-17T22:35,7,8,37,34,dom_ok
2025-10-17T22:40,7,8,37,34,dom_ok
2025-10-17T22:45,7,8,37,34,dom_ok
2025-10-17T22:50,7,8,37,32,dom_ok
2025-10-17T22:55,7,9,38,29,dom_ok
2025-10-17T23:00,7,9,38,30,dom_ok
2025-10-17T23:05,7,10,38,26,dom_ok
2025-10-17T23:10,7,10,39,25,dom_ok
2025-10-17T23:15,7,10,39,26,dom_ok
2025-10-17T23:20,7,10,38,27,dom_ok
2025-10-17T23:25,7,10,39,26,dom_ok
2025-10-17T23:30,7,10,39,26,dom_ok
2025-10-17T23:35,7,11,39,25,dom_ok
2025-10-17T23:40,7,11,38,23,dom_ok
2025-10-17T23:45,7,11,38,23,dom_ok
2025-10-17T23:50,7,10,39,26,dom_ok
2025-10-17T23:55,7,10,39,26,dom_ok
2025-10-18T00:00,7,10,39,27,dom_ok
2025-10-18T00:05,7,10,37,26,dom_ok
2025-10-18T00:10,7,10,38,26,dom_ok
2025-10-18T00:15,11,10,23,26,dom_ok
2025-10-18T00:20,11,10,23,27,dom_ok
2025-10-18T00:25,11,8,0,32,dom_ok;invalid_time_to_ny
2025-10-18T00:30,11,7,0,35,dom_ok;invalid_time_to_ny
2025-10-18T00:35,11,6,0,40,dom_ok;invalid_time_to_ny
2025-10-18T00:40,10,7,0,39,dom_ok;invalid_time_to_ny
2025-10-18T00:45,10,7,0,39,dom_ok;invalid_time_to_ny
2025-10-18T00:50,9,7,0,39,dom_ok;invalid_time_to_ny
2025-10-18T00:55,9,7,0,39,dom_ok;invalid_time_to_ny
2025-10-18T01:00,9,6,0,40,dom_ok;invalid_time_to_ny
2025-10-18T01:05,9,6,0,40,dom_ok;invalid_time_to_ny
2025-10-18T01:10,,6,0,40,dom_ok;invalid_time_to_ny
2025-10-18T01:15,,6,0,40,dom_ok;invalid_time_to_ny
2025-10-18T01:20,,6,0,40,dom_ok;invalid_time_to_ny
2025-10-18T01:25,,6,0,40,dom_ok;invalid_time_to_ny
2025-10-18T01:30,,6,0,40,dom_ok;invalid_time_to_ny
2025-10-18T01:35,,6,0,40,dom_ok;invalid_time_to_ny
2025-10-18T01:40,,6,0,40,dom_ok;invalid_time_to_ny
2025-10-18T01:45,,7,0,39,dom_ok;invalid_time_to_ny
2025-10-18T01:50,,6,0,40,dom_ok;invalid_time_to_ny
2025-10-18T01:55,,6,0,40,dom_ok;invalid_time_to_ny
2025-10-18T02:00,,6,0,40,dom_ok;invalid_time_to_ny
2025-10-18T02:05,,6,0,40,dom_ok;invalid_time_to_ny
2025-10-18T02:10,,6,0,40,dom_ok;invalid_time_to_ny
2025-10-18T02:15,,6,0,40,dom_ok;invalid_time_to_ny
2025-10-18T02:20,,6,0,40,dom_ok;invalid_time_to_ny
2025-10-18T02:25,,6,0,40,dom_ok;invalid_time_to_ny
2025-10-18T02:30,,6,0,40,dom_ok;invalid_time_to_ny
2025-10-18T02:35,,6,0,40,dom_ok;invalid_time_to_ny
2025-10-18T02:40,,6,0,40,dom_ok;invalid_time_to_ny
2025-10-18T02:45,,6,0,40,dom_ok;invalid_time_to_ny
2025-10-18T02:50,,6,0,40,dom_ok;invalid_time_to_ny
2025-10-18T02:55,,6,0,40,dom_ok;invalid_time_to_ny
2025-10-18T03:00,,6,0,40,dom_ok;invalid_time_to_ny
2025-10-18T03:05,,6,0,40,dom_ok;invalid_time_to_ny
2025-10-18T03:10,,6,0,40,dom_ok;invalid_time_to_ny
2025-10-18T03:15,,6,0,40,dom_ok;invalid_time_to_ny
2025-10-18T03:20,,6,0,40,dom_ok;invalid_time_to_ny
2025-10-18T03:25,,6,0,40,dom_ok;invalid_time_to_ny
2025-10-18T03:30,,6,0,40,dom_ok;invalid_time_to_ny
2025-10-18T03:35,,6,0,40,dom_ok;invalid_time_to_ny
2025-10-18T03:40,,6,0,40,dom_ok;invalid_time_to_ny
2025-10-18T03:45,,6,0,40,dom_ok;invalid_time_to_ny
2025-10-18T03:50,,6,0,40,dom_ok;invalid_time_to_ny
2025-10-18T03:55,,6,0,40,dom_ok;invalid_time_to_ny
2025-10-18T04:00,,6,0,40,dom_ok;invalid_time_to_ny
2025-10-18T04:05,,6,0,40,dom_ok;invalid_time_to_ny
2025-10-18T04:10,,6,0,40,dom_ok;invalid_time_to_ny
2025-10-18T04:15,,6,0,40,dom_ok;invalid_time_to_ny
2025-10-18T04:20,,6,0,40,dom_ok;invalid_time_to_ny
2025-10-18T04:25,,6,0,40,dom_ok;invalid_time_to_ny
2025-10-18T04:30,,6,0,40,dom_ok;invalid_time_to_ny
2025-10-18T04:35,,6,0,40,dom_ok;invalid_time_to_ny
2025-10-18T04:40,,6,0,40,dom_ok;invalid_time_to_ny
2025-10-18T04:45,,6,0,40,dom_ok;invalid_time_to_ny
2025-10-18T04:50,,6,0,40,dom_ok;invalid_time_to_ny
2025-10-18T04:55,,6,0,40,dom_ok;invalid_time_to_ny
2025-10-18T05:00,,6,0,40,dom_ok;invalid_time_to_ny
2025-10-18T05:05,,6,0,40,dom_ok;invalid_time_to_ny
2025-10-18T05:10,,6,0,40,dom_ok;invalid_time_to_ny
2025-10-18T05:15,,6,0,40,dom_ok;invalid_time_to_ny
2025-10-18T05:20,,6,0,40,dom_ok;invalid_time_to_ny
2025-10-18T05:25,,6,0,40,dom_ok;invalid_time_to_ny
2025-10-18T05:30,,6,0,40,dom_ok;invalid_time_to_ny
2025-10-18T05:35,,6,0,40,dom_ok;invalid_time_to_ny
2025-10-18T05:40,,6,0,40,dom_ok;invalid_time_to_ny
2025-10-18T05:45,,6,0,40,dom_ok;invalid_time_to_ny
2025-10-18T05:50,,6,0,40,dom_ok;invalid_time_to_ny
2025-10-18T05:55,,6,0,40,dom_ok;invalid_time_to_ny
2025-10-18T06:00,,6,0,40,dom_ok;invalid_time_to_ny
2025-10-18T06:05,,6,0,40,dom_ok;invalid_time_to_ny
2025-10-18T06:10,,6,0,40,dom_ok;invalid_time_to_ny
2025-10-18T06:15,,6,0,40,dom_ok;invalid_time_to_ny
2025-10-18T06:20,,6,0,40,dom_ok;invalid_time_to_ny
2025-10-18T06:25,,6,0,40,dom_ok;invalid_time_to_ny
2025-10-18T06:30,,6,0,40,dom_ok;invalid_time_to_ny
2025-10-18T06:35,,6,0,40,dom_ok;invalid_time_to_ny
2025-10-18T06:40,,6,0,40,dom_ok;invalid_time_to_ny
2025-10-18T06:45,,6,0,40,dom_ok;invalid_time_to_ny
2025-10-18T06:50,,6,0,40,dom_ok;invalid_time_to_ny
2025-10-18T06:55,,6,0,40,dom_ok;invalid_time_to_ny
2025-10-18T07:00,,6,0,40,dom_ok;invalid_time_to_ny
2025-10-18T07:05,,6,0,40,dom_ok;invalid_time_to_ny
2025-10-18T07:10,,7,0,39,dom_ok;invalid_time_to_ny
2025-10-18T07:15,,7,0,38,dom_ok;invalid_time_to_ny
2025-10-18T07:20,,6,0,40,dom_ok;invalid_time_to_ny
2025-10-18T07:25,,6,0,40,dom_ok;invalid_time_to_ny
2025-10-18T07:30,,6,0,40,dom_ok;invalid_time_to_ny
2025-10-18T07:35,7,6,0,40,dom_ok;invalid_time_to_ny
2025-10-18T07:40,7,6,0,40,dom_ok;invalid_time_to_ny
2025-10-18T07:45,7,6,0,40,dom_ok;invalid_time_to_ny
2025-10-18T07:50,7,6,0,40,dom_ok;invalid_time_to_ny
2025-10-18T07:55,7,6,0,40,dom_ok;invalid_time_to_ny
2025-10-18T08:00,7,7,0,38,dom_ok;invalid_time_to_ny
2025-10-18T08:05,7,7,0,39,dom_ok;invalid_time_to_ny
2025-10-18T08:10,7,7,0,37,dom_ok;invalid_time_to_ny
2025-10-18T08:15,6,9,0,28,dom_ok;invalid_time_to_ny
2025-10-18T08:20,6,10,0,27,dom_ok;invalid_time_to_ny
2025-10-18T08:25,7,14,0,19,dom_ok;invalid_time_to_ny
2025-10-18T08:30,7,12,0,22,dom_ok;invalid_time_to_ny
2025-10-18T08:35,7,9,0,28,dom_ok;invalid_time_to_ny
2025-10-18T08:40,7,9,0,28,dom_ok;invalid_time_to_ny
2025-10-18T08:45,7,7,0,37,dom_ok;invalid_time_to_ny
2025-10-18T08:50,7,7,0,38,dom_ok;invalid_time_to_ny
2025-10-18T08:55,7,7,0,38,dom_ok;invalid_time_to_ny
2025-10-18T09:00,7,7,35,38,dom_ok
2025-10-18T09:05,7,7,39,36,dom_ok
2025-10-18T09:10,7,7,39,37,dom_ok
2025-10-18T09:15,7,7,38,37,dom_ok
2025-10-18T09:20,7,7,39,37,dom_ok
2025-10-18T09:25,8,7,34,37,dom_ok
2025-10-18T09:30,8,7,34,37,dom_ok
2025-10-18T09:35,8,7,33,36,dom_ok
2025-10-18T09:40,9,7,30,35,dom_ok
2025-10-18T09:45,8,8,31,33,dom_ok
2025-10-18T09:50,8,8,32,32,dom_ok
2025-10-18T09:55,8,8,34,33,dom_ok
2025-10-18T10:00,8,8,34,32,dom_ok
2025-10-18T10:05,8,8,34,32,dom_ok
2025-10-18T10:10,9,7,31,36,dom_ok
2025-10-18T10:15,9,7,30,35,dom_ok
2025-10-18T10:20,13,8,20,32,dom_ok
2025-10-18T10:25,11,8,23,32,dom_ok
2025-10-18T10:30,10,8,25,33,dom_ok
2025-10-18T10:35,11,7,24,36,dom_ok
2025-10-18T10:40,12,7,21,36,dom_ok
2025-10-18T10:45,12,7,21,36,dom_ok
2025-10-18T10:50,12,7,22,36,dom_ok
2025-10-18T10:55,12,7,22,36,dom_ok
2025-10-18T11:00,12,7,22,35,dom_ok
2025-10-18T11:05,12,9,22,30,dom_ok
2025-10-18T11:10,14,8,18,33,dom_ok
2025-10-18T11:15,15,8,18,34,dom_ok
2025-10-18T11:20,19,8,14,32,dom_ok
2025-10-18T11:25,19,8,14,32,dom_ok
2025-10-18T11:30,18,8,15,34,dom_ok
2025-10-18T11:35,18,8,15,34,dom_ok
2025-10-18T11:40,18,7,15,35,dom_ok
2025-10-18T11:45,18,7,15,36,dom_ok
2025-10-18T11:50,17,7,15,35,dom_ok
2025-10-18T11:55,15,7,18,36,dom_ok
2025-10-18T12:00,15,7,17,37,dom_ok
2025-10-18T12:05,17,7,15,39,dom_ok
2025-10-18T12:10,17,7,16,37,dom_ok
2025-10-18T12:15,18,7,15,36,dom_ok
2025-10-18T12:20,19,7,14,36,dom_ok
2025-10-18T12:25,17,7,15,36,dom_ok
2025-10-18T12:30,17,7,16,37,dom_ok
2025-10-18T12:35,17,7,16,37,dom_ok
2025-10-18T12:40,16,7,16,36,dom_ok
2025-10-18T12:45,15,7,18,35,dom_ok
2025-10-18T12:50,13,7,20,36,dom_ok
2025-10-18T12:55,13,7,21,37,dom_ok
2025-10-18T13:00,14,7,19,36,dom_ok
2025-10-18T13:05,14,7,19,36,dom_ok
2025-10-18T13:10,14,7,18,37,dom_ok
2025-10-18T13:15,14,7,19,36,dom_ok
2025-10-18T13:20,14,7,19,36,dom_ok
2025-10-18T13:25,14,7,19,35,dom_ok
2025-10-18T13:30,13,7,21,35,dom_ok
2025-10-18T13:35,13,7,20,36,dom_ok
2025-10-18T13:40,14,7,19,36,dom_ok
2025-10-18T13:45,14,7,19,36,dom_ok
2025-10-18T13:50,17,8,15,33,dom_ok
2025-10-18T13:55,15,8,18,31,dom_ok
2025-10-18T14:00,15,8,18,34,dom_ok
2025-10-18T14:05,14,7,18,35,dom_ok
2025-10-18T14:10,15,7,18,35,dom_ok
2025-10-18T14:15,14,7,19,36,dom_ok
2025-10-18T14:20,15,8,18,31,dom_ok
2025-10-18T14:25,13,9,20,28,dom_ok
2025-10-18T14:30,14,10,19,25,dom_ok
2025-10-18T14:35,14,10,19,25,dom_ok
2025-10-18T14:40,13,11,21,23,dom_ok
2025-10-18T14:45,11,11,23,24,dom_ok
2025-10-18T14:50,11,10,24,27,dom_ok
2025-10-18T14:55,11,10,24,27,dom_ok
2025-10-18T15:00,10,10,26,26,dom_ok
2025-10-18T15:05,10,10,27,25,dom_ok
2025-10-18T15:10,9,10,28,25,dom_ok
2025-10-18T15:15,11,11,25,23,dom_ok
2025-10-18T15:20,11,10,23,25,dom_ok
2025-10-18T15:25,9,12,28,22,dom_ok
2025-10-18T15:30,8,14,31,19,dom_ok
2025-10-18T15:35,8,14,31,19,dom_ok
2025-10-18T15:40,8,22,32,12,dom_ok
2025-10-18T15:45,9,22,30,12,dom_ok
2025-10-18T15:50,9,16,28,17,dom_ok
2025-10-18T15:55,11,10,24,25,dom_ok
2025-10-18T16:00,11,11,23,24,dom_ok
2025-10-18T16:05,11,11,23,24,dom_ok
2025-10-18T16:10,11,11,23,24,dom_ok
2025-10-18T16:15,13,10,21,25,dom_ok
2025-10-18T16:20,14,10,19,25,dom_ok
2025-10-18T16:25,15,10,18,25,dom_ok
2025-10-18T16:30,13,11,20,24,dom_ok
2025-10-18T16:35,13,10,21,25,dom_ok
2025-10-18T16:40,13,11,20,25,dom_ok
2025-10-18T16:45,14,11,18,24,dom_ok
2025-10-18T16:50,14,11,18,24,dom_ok
2025-10-18T16:55,16,11,17,25,dom_ok
2025-10-18T17:00,16,10,17,25,dom_ok
2025-10-18T17:05,17,10,16,26,dom_ok
2025-10-18T17:10,16,9,16,27,dom_ok
2025-10-18T17:15,17,10,16,26,dom_ok
2025-10-18T17:20,18,10,15,25,dom_ok
2025-10-18T17:25,16,10,16,25,dom_ok
2025-10-18T17:30,17,10,16,25,dom_ok
2025-10-18T17:35,17,11,16,24,dom_ok
2025-10-18T17:40,18,10,15,26,dom_ok
2025-10-18T17:45,19,10,14,25,dom_ok
2025-10-18T17:50,19,10,14,25,dom_ok
2025-10-18T17:55,20,10,13,26,dom_ok
2025-10-18T18:00,21,7,12,35,dom_ok
2025-10-18T18:05,21,7,12,35,dom_ok
2025-10-18T18:10,22,8,12,33,dom_ok
2025-10-18T18:15,24,8,11,34,dom_ok
2025-10-18T18:20,24,8,11,34,dom_ok
2025-10-18T18:25,26,7,10,36,dom_ok
2025-10-18T18:30,25,8,10,34,dom_ok
2025-10-18T18:35,25,8,10,34,dom_ok
2025-10-18T18:40,27,7,10,36,dom_ok
2025-10-18T18:45,25,7,11,35,dom_ok
2025-10-18T18:50,26,8,10,34,dom_ok
2025-10-18T18:55,26,8,10,34,dom_ok
2025-10-18T19:00,25,7,10,36,dom_ok
2025-10-18T19:05,24,8,11,34,dom_ok
2025-10-18T19:10,22,8,12,34,dom_ok
2025-10-18T19:15,21,8,13,31,dom_ok
2025-10-18T19:20,19,8,14,32,dom_ok
2025-10-18T19:25,19,8,14,32,dom_ok
2025-10-18T19:30,19,8,14,32,dom_ok
2025-10-18T19:35,18,8,15,33,dom_ok
2025-10-18T19:40,18,8,14,32,dom_ok
2025-10-18T19:45,15,8,17,33,dom_ok
2025-10-18T19:50,15,8,17,33,dom_ok
2025-10-18T19:55,17,8,15,31,dom_ok
2025-10-18T20:00,19,8,14,33,dom_ok
2025-10-18T20:05,17,8,15,34,dom_ok
2025-10-18T20:10,17,8,15,34,dom_ok
2025-10-18T20:15,17,8,15,32,dom_ok
2025-10-18T20:20,16,8,17,33,dom_ok
2025-10-18T20:25,17,8,15,33,dom_ok
2025-10-18T20:30,18,8,15,33,dom_ok
2025-10-18T20:35,15,8,17,33,dom_ok
2025-10-18T20:40,16,8,16,32,dom_ok
2025-10-18T20:45,14,9,19,30,dom_ok
2025-10-18T20:50,13,8,21,33,dom_ok
2025-10-18T20:55,12,7,23,35,dom_ok
2025-10-18T21:00,11,9,25,29,dom_ok
2025-10-18T21:05,11,9,25,29,dom_ok
2025-10-18T21:10,10,8,26,33,dom_ok
2025-10-18T21:15,8,8,31,34,dom_ok
2025-10-18T21:20,8,8,34,34,dom_ok
2025-10-18T21:25,7,7,35,35,dom_ok
2025-10-18T21:30,7,8,35,34,dom_ok
2025-10-18T21:35,7,7,36,35,dom_ok
2025-10-18T21:40,7,7,35,35,dom_ok
2025-10-18T21:45,8,8,35,34,dom_ok
2025-10-18T21:50,8,8,35,34,dom_ok
2025-10-18T21:55,8,9,34,30,dom_ok
2025-10-18T22:00,8,9,34,29,dom_ok
2025-10-18T22:05,8,9,34,30,dom_ok
2025-10-18T22:10,8,7,33,35,dom_ok
2025-10-18T22:15,8,8,33,33,dom_ok
2025-10-18T22:20,8,8,35,33,dom_ok
2025-10-18T22:25,7,8,35,34,dom_ok
2025-10-18T22:30,8,8,35,33,dom_ok
2025-10-18T22:35,7,8,36,33,dom_ok
2025-10-18T22:40,7,8,38,33,dom_ok
2025-10-18T22:45,7,8,38,33,dom_ok
2025-10-18T22:50,7,8,38,33,dom_ok
2025-10-18T22:55,7,8,37,34,dom_ok
2025-10-18T23:00,8,8,34,34,dom_ok
2025-10-18T23:05,8,7,31,36,dom_ok
2025-10-18T23:10,8,7,32,37,dom_ok
2025-10-18T23:15,8,7,32,0,dom_ok;invalid_time_to_nj
2025-10-18T23:20,8,7,33,0,dom_ok;invalid_time_to_nj
2025-10-18T23:25,8,7,34,0,dom_ok;invalid_time_to_nj
2025-10-18T23:30,7,7,37,0,dom_ok;invalid_time_to_nj
2025-10-18T23:35,7,7,37,0,dom_ok;invalid_time_to_nj
2025-10-18T23:40,7,7,38,0,dom_ok;invalid_time_to_nj
2025-10-18T23:45,7,7,38,0,dom_ok;invalid_time_to_nj
2025-10-18T23:50,7,7,39,0,dom_ok;invalid_time_to_nj
2025-10-18T23:55,7,8,39,0,dom_ok;invalid_time_to_nj
2025-10-19T00:00,7,7,39,0,dom_ok;invalid_time_to_nj
2025-10-19T00:05,7,7,38,0,dom_ok;invalid_time_to_nj
2025-10-19T00:10,8,7,33,0,dom_ok;invalid_time_to_nj
2025-10-19T00:15,8,7,33,0,dom_ok;invalid_time_to_nj
2025-10-19T00:20,8,7,33,0,dom_ok;invalid_time_to_nj
2025-10-19T00:25,8,7,32,0,dom_ok;invalid_time_to_nj
2025-10-19T00:30,7,8,39,0,dom_ok;invalid_time_to_nj
2025-10-19T00:35,7,7,39,0,dom_ok;invalid_time_to_nj
2025-10-19T00:40,7,,39,0,dom_ok;invalid_time_to_nj
2025-10-19T00:45,7,,39,0,dom_ok;invalid_time_to_nj
2025-10-19T00:50,7,,39,0,dom_ok;invalid_time_to_nj
2025-10-19T00:55,7,,39,0,dom_ok;invalid_time_to_nj
2025-10-19T01:00,7,,39,0,dom_ok;invalid_time_to_nj
2025-10-19T01:05,7,,39,0,dom_ok;invalid_time_to_nj
2025-10-19T01:10,7,,39,0,dom_ok;invalid_time_to_nj
2025-10-19T01:15,7,,39,0,dom_ok;invalid_time_to_nj
2025-10-19T01:20,7,,39,0,dom_ok;invalid_time_to_nj
2025-10-19T01:25,7,,39,0,dom_ok;invalid_time_to_nj
2025-10-19T01:30,7,,39,0,dom_ok;invalid_time_to_nj
2025-10-19T01:35,7,,38,0,dom_ok;invalid_time_to_nj
2025-10-19T01:40,7,,39,0,dom_ok;invalid_time_to_nj
2025-10-19T01:45,7,,39,0,dom_ok;invalid_time_to_nj
2025-10-19T01:50,7,,39,0,dom_ok;invalid_time_to_nj
2025-10-19T01:55,7,,39,0,dom_ok;invalid_time_to_nj
2025-10-19T02:00,7,,39,0,dom_ok;invalid_time_to_nj
2025-10-19T02:05,7,,39,0,dom_ok;invalid_time_to_nj
2025-10-19T02:10,7,,39,0,dom_ok;invalid_time_to_nj
2025-10-19T02:15,7,,39,0,dom_ok;invalid_time_to_nj
2025-10-19T02:20,7,,39,0,dom_ok;invalid_time_to_nj
2025-10-19T02:25,7,,39,0,dom_ok;invalid_time_to_nj
2025-10-19T02:30,7,,39,0,dom_ok;invalid_time_to_nj
2025-10-19T02:35,7,,39,0,dom_ok;invalid_time_to_nj
2025-10-19T02:40,7,,39,0,dom_ok;invalid_time_to_nj
2025-10-19T02:45,7,,39,0,dom_ok;invalid_time_to_nj
2025-10-19T02:50,7,,39,0,dom_ok;invalid_time_to_nj
2025-10-19T02:55,7,,39,0,dom_ok;invalid_time_to_nj
2025-10-19T03:00,7,,39,0,dom_ok;invalid_time_to_nj
2025-10-19T03:05,7,,39,0,dom_ok;invalid_time_to_nj
2025-10-19T03:10,7,,39,0,dom_ok;invalid_time_to_nj
2025-10-19T03:15,7,,39,0,dom_ok;invalid_time_to_nj
2025-10-19T03:20,7,,39,0,dom_ok;invalid_time_to_nj
2025-10-19T03:25,7,,39,0,dom_ok;invalid_time_to_nj
2025-10-19T03:30,7,,39,0,dom_ok;invalid_time_to_nj
2025-10-19T03:35,7,,39,0,dom_ok;invalid_time_to_nj
2025-10-19T03:40,7,,39,0,dom_ok;invalid_time_to_nj
2025-10-19T03:45,7,,39,0,dom_ok;invalid_time_to_nj
2025-10-19T03:50,7,,39,0,dom_ok;invalid_time_to_nj
2025-10-19T03:55,7,,39,0,dom_ok;invalid_time_to_nj
2025-10-19T04:00,7,,39,0,dom_ok;invalid_time_to_nj
2025-10-19T04:05,7,,39,0,dom_ok;invalid_time_to_nj
2025-10-19T04:10,7,,39,0,dom_ok;invalid_time_to_nj
2025-10-19T04:15,7,,39,0,dom_ok;invalid_time_to_nj
2025-10-19T04:20,7,,39,0,dom_ok;invalid_time_to_nj
2025-10-19T04:25,7,,39,0,dom_ok;invalid_time_to_nj
2025-10-19T04:30,7,,39,0,dom_ok;invalid_time_to_nj
2025-10-19T04:35,7,,39,0,dom_ok;invalid_time_to_nj
2025-10-19T04:40,7,,38,0,dom_ok;invalid_time_to_nj
2025-10-19T04:45,7,,38,0,dom_ok;invalid_time_to_nj
2025-10-19T04:50,7,,39,0,dom_ok;invalid_time_to_nj
2025-10-19T04:55,7,,39,0,dom_ok;invalid_time_to_nj
2025-10-19T05:00,7,,39,0,dom_ok;invalid_time_to_nj
2025-10-19T05:05,7,,39,0,dom_ok;invalid_time_to_nj
2025-10-19T05:10,7,,39,0,dom_ok;invalid_time_to_nj
2025-10-19T05:15,7,,39,0,dom_ok;invalid_time_to_nj
2025-10-19T05:20,7,,39,0,dom_ok;invalid_time_to_nj
2025-10-19T05:25,7,,39,0,dom_ok;invalid_time_to_nj
2025-10-19T05:30,7,,39,0,dom_ok;invalid_time_to_nj
2025-10-19T05:35,7,,39,0,dom_ok;invalid_time_to_nj
2025-10-19T05:40,7,,39,0,dom_ok;invalid_time_to_nj
2025-10-19T05:45,7,,39,0,dom_ok;invalid_time_to_nj
2025-10-19T05:50,7,,39,0,dom_ok;invalid_time_to_nj
2025-10-19T05:55,7,,39,0,dom_ok;invalid_time_to_nj
2025-10-19T06:00,7,,39,0,dom_ok;invalid_time_to_nj
2025-10-19T06:05,7,,39,0,dom_ok;invalid_time_to_nj
2025-10-19T06:10,7,,39,0,dom_ok;invalid_time_to_nj
2025-10-19T06:15,7,,39,0,dom_ok;invalid_time_to_nj
2025-10-19T06:20,7,,39,0,dom_ok;invalid_time_to_nj
2025-10-19T06:25,7,,39,0,dom_ok;invalid_time_to_nj
2025-10-19T06:30,7,,39,0,dom_ok;invalid_time_to_nj
2025-10-19T06:35,7,,39,0,dom_ok;invalid_time_to_nj
2025-10-19T06:40,7,,39,0,dom_ok;invalid_time_to_nj
2025-10-19T06:45,7,,39,0,dom_ok;invalid_time_to_nj
2025-10-19T06:50,7,,39,0,dom_ok;invalid_time_to_nj
2025-10-19T06:55,7,,39,0,dom_ok;invalid_time_to_nj
2025-10-19T07:00,7,,39,0,dom_ok;invalid_time_to_nj
2025-10-19T07:05,7,,39,0,dom_ok;invalid_time_to_nj
2025-10-19T07:10,7,,39,0,dom_ok;invalid_time_to_nj
2025-10-19T07:15,7,,39,0,dom_ok;invalid_time_to_nj
2025-10-19T07:20,7,,39,0,dom_ok;invalid_time_to_nj
2025-10-19T07:25,7,,39,0,dom_ok;invalid_time_to_nj
2025-10-19T07:30,7,7,39,0,dom_ok;invalid_time_to_nj
2025-10-19T07:35,7,6,39,0,dom_ok;invalid_time_to_nj
2025-10-19T07:40,7,6,39,0,dom_ok;invalid_time_to_nj
2025-10-19T07:45,7,6,39,0,dom_ok;invalid_time_to_nj
2025-10-19T07:50,7,7,39,0,dom_ok;invalid_time_to_nj
2025-10-19T07:55,7,7,39,0,dom_ok;invalid_time_to_nj
2025-10-19T08:00,7,6,39,0,dom_ok;invalid_time_to_nj
2025-10-19T08:05,7,6,39,0,dom_ok;invalid_time_to_nj
2025-10-19T08:10,7,6,39,0,dom_ok;invalid_time_to_nj
2025-10-19T08:15,7,6,39,40,dom_ok
2025-10-19T08:20,7,6,39,40,dom_ok
2025-10-19T08:25,7,6,39,40,dom_ok
2025-10-19T08:30,7,6,37,40,dom_ok
2025-10-19T08:35,7,6,38,40,dom_ok
2025-10-19T08:40,7,6,39,40,dom_ok
2025-10-19T08:45,7,6,39,40,dom_ok
2025-10-19T08:50,7,6,38,40,dom_ok
2025-10-19T08:55,7,6,37,40,dom_ok
2025-10-19T09:00,7,6,36,40,dom_ok
2025-10-19T09:05,8,7,33,39,dom_ok
2025-10-19T09:10,7,6,36,40,dom_ok
2025-10-19T09:15,7,6,36,40,dom_ok
2025-10-19T09:20,7,7,38,39,dom_ok
2025-10-19T09:25,7,6,37,40,dom_ok
2025-10-19T09:30,7,6,36,40,dom_ok
2025-10-19T09:35,7,6,36,40,dom_ok
2025-10-19T09:40,8,7,33,38,dom_ok
2025-10-19T09:45,8,7,32,38,dom_ok
2025-10-19T09:50,8,7,32,37,dom_ok
2025-10-19T09:55,10,7,27,37,dom_ok
2025-10-19T10:00,11,7,23,37,dom_ok
2025-10-19T10:05,13,7,20,37,dom_ok
2025-10-19T10:10,15,7,18,37,dom_ok
2025-10-19T10:15,14,7,19,36,dom_ok
2025-10-19T10:20,12,7,22,35,dom_ok
2025-10-19T10:25,11,7,23,36,dom_ok
2025-10-19T10:30,11,7,24,36,dom_ok
2025-10-19T10:35,11,7,24,36,dom_ok
2025-10-19T10:40,9,7,28,35,dom_ok
2025-10-19T10:45,9,7,28,35,dom_ok
2025-10-19T10:50,9,7,28,35,dom_ok
2025-10-19T10:55,9,7,28,37,dom_ok
2025-10-19T11:00,10,7,26,37,dom_ok
2025-10-19T11:05,10,8,25,31,dom_ok
2025-10-19T11:10,11,8,24,33,dom_ok
2025-10-19T11:15,11,8,23,32,dom_ok
2025-10-19T11:20,12,8,22,33,dom_ok
2025-10-19T11:25,12,8,22,33,dom_ok
2025-10-19T11:30,12,8,23,31,dom_ok
2025-10-19T11:35,12,8,22,32,dom_ok
2025-10-19T11:40,14,8,19,32,dom_ok
2025-10-19T11:45,17,8,16,33,dom_ok
2025-10-19T11:50,17,8,16,33,dom_ok
2025-10-19T11:55,18,8,14,31,dom_ok
2025-10-19T12:00,21,9,12,30,dom_ok
2025-10-19T12:05,22,9,12,29,dom_ok
2025-10-19T12:10,22,9,12,29,dom_ok
2025-10-19T12:15,21,9,12,29,dom_ok
2025-10-19T12:20,23,10,11,27,dom_ok
2025-10-19T12:25,24,10,11,25,dom_ok
2025-10-19T12:30,24,10,11,27,dom_ok
2025-10-19T12:35,24,8,11,32,dom_ok
2025-10-19T12:40,26,8,10,33,dom_ok
2025-10-19T12:45,26,8,10,33,dom_ok
2025-10-19T12:50,27,8,10,34,dom_ok
2025-10-19T12:55,27,8,10,31,dom_ok
2025-10-19T13:00,26,9,10,30,dom_ok
2025-10-19T13:05,25,9,10,28,dom_ok
2025-10-19T13:10,26,10,10,27,dom_ok
2025-10-19T13:15,24,10,11,25,dom_ok
2025-10-19T13:20,22,10,12,25,dom_ok
2025-10-19T13:25,21,11,12,24,dom_ok
2025-10-19T13:30,21,11,12,24,dom_ok
2025-10-19T13:35,21,11,12,25,dom_ok
2025-10-19T13:40,21,10,12,25,dom_ok
2025-10-19T13:45,22,9,12,30,dom_ok
2025-10-19T13:50,23,9,12,30,dom_ok
2025-10-19T13:55,22,9,12,29,dom_ok
2025-10-19T14:00,22,9,12,29,dom_ok
2025-10-19T14:05,24,8,11,31,dom_ok
2025-10-19T14:10,24,8,11,34,dom_ok
2025-10-19T14:15,22,8,12,33,dom_ok
2025-10-19T14:20,18,8,15,31,dom_ok
2025-10-19T14:25,19,8,14,32,dom_ok
2025-10-19T14:30,18,9,15,29,dom_ok
2025-10-19T14:35,17,9,15,29,dom_ok
2025-10-19T14:40,17,9,15,29,dom_ok
2025-10-19T14:45,16,10,16,27,dom_ok
2025-10-19T14:50,20,10,13,25,dom_ok
2025-10-19T14:55,17,10,15,25,dom_ok
2025-10-19T15:00,17,9,15,28,dom_ok
2025-10-19T15:05,17,8,16,34,dom_ok
2025-10-19T15:10,17,7,15,35,dom_ok
2025-10-19T15:15,18,8,14,31,dom_ok
2025-10-19T15:20,20,9,13,28,dom_ok
2025-10-19T15:25,20,9,13,28,dom_ok
2025-10-19T15:30,21,10,13,26,dom_ok
2025-10-19T15:35,23,11,11,25,dom_ok
2025-10-19T15:40,25,11,11,24,dom_ok
2025-10-19T15:45,25,10,10,25,dom_ok
2025-10-19T15:50,27,11,10,24,dom_ok
2025-10-19T15:55,28,10,9,26,dom_ok
2025-10-19T16:00,29,10,9,26,dom_ok
2025-10-19T16:05,29,10,9,26,dom_ok
2025-10-19T16:10,33,11,8,25,dom_ok
2025-10-19T16:15,34,11,8,23,dom_ok
2025-10-19T16:20,34,11,8,23,dom_ok
2025-10-19T16:25,33,11,8,24,dom_ok
2025-10-19T16:30,31,11,8,23,dom_ok
2025-10-19T16:35,30,11,9,24,dom_ok
2025-10-19T16:40,30,11,9,24,dom_ok
2025-10-19T16:45,30,11,9,24,dom_ok
2025-10-19T16:50,30,10,9,26,dom_ok
2025-10-19T16:55,30,10,9,25,dom_ok
2025-10-19T17:00,33,11,8,25,dom_ok
2025-10-19T17:05,33,11,8,24,dom_ok
2025-10-19T17:10,33,10,8,26,dom_ok
2025-10-19T17:15,34,10,8,26,dom_ok
2025-10-19T17:20,39,11,7,24,dom_ok
2025-10-19T17:25,39,11,7,24,dom_ok
2025-10-19T17:30,39,10,7,27,dom_ok
2025-10-19T17:35,39,9,7,28,dom_ok
2025-10-19T17:40,40,9,7,27,dom_ok
2025-10-19T17:45,40,10,7,27,dom_ok
2025-10-19T17:50,41,9,6,28,dom_ok
2025-10-19T17:55,41,8,6,31,dom_ok
2025-10-19T18:00,42,8,6,34,dom_ok
2025-10-19T18:05,42,8,6,33,dom_ok
2025-10-19T18:10,43,8,6,34,dom_ok
2025-10-19T18:15,42,8,6,33,dom_ok
2025-10-19T18:20,39,8,7,33,dom_ok
2025-10-19T18:25,41,8,6,31,dom_ok
2025-10-19T18:30,41,8,6,31,dom_ok
2025-10-19T18:35,40,9,7,29,dom_ok
2025-10-19T18:40,40,9,6,28,dom_ok
2025-10-19T18:45,42,10,6,27,dom_ok
2025-10-19T18:50,41,10,6,26,dom_ok
2025-10-19T18:55,35,11,7,24,dom_ok
2025-10-19T19:00,36,11,7,24,dom_ok
2025-10-19T19:05,35,10,8,27,dom_ok
2025-10-19T19:10,35,9,8,30,dom_ok
2025-10-19T19:15,33,9,8,29,dom_ok
2025-10-19T19:20,31,10,8,27,dom_ok
2025-10-19T19:25,31,11,9,24,dom_ok
2025-10-19T19:30,30,15,9,17,dom_ok
2025-10-19T19:35,32,17,8,15,dom_ok
2025-10-19T19:40,30,10,9,25,dom_ok
2025-10-19T19:45,31,11,8,23,dom_ok
2025-10-19T19:50,30,11,9,23,dom_ok
2025-10-19T19:55,32,11,8,24,dom_ok
2025-10-19T20:00,33,10,8,25,dom_ok
2025-10-19T20:05,33,9,8,29,dom_ok
2025-10-19T20:10,30,8,9,32,dom_ok
2025-10-19T20:15,31,7,8,35,dom_ok
2025-10-19T20:20,31,8,8,34,dom_ok
2025-10-19T20:25,29,8,9,34,dom_ok
2025-10-19T20:30,26,7,10,36,dom_ok
2025-10-19T20:35,25,8,11,30,dom_ok
2025-10-19T20:40,25,8,10,33,dom_ok
2025-10-19T20:45,24,8,11,33,dom_ok
2025-10-19T20:50,25,8,11,33,dom_ok
2025-10-19T20:55,25,8,10,33,dom_ok
2025-10-19T21:00,28,8,9,32,dom_ok
2025-10-19T21:05,28,8,9,32,dom_ok
2025-10-19T21:10,21,7,13,35,dom_ok
2025-10-19T21:15,18,8,15,34,dom_ok
2025-10-19T21:20,17,8,15,33,dom_ok
2025-10-19T21:25,18,8,15,33,dom_ok
2025-10-19T21:30,18,8,15,33,dom_ok
2025-10-19T21:35,17,8,16,33,dom_ok
2025-10-19T21:40,16,8,16,34,dom_ok
2025-10-19T21:45,14,7,18,36,dom_ok
2025-10-19T21:50,13,7,20,36,dom_ok
2025-10-19T21:55,13,7,20,36,dom_ok
2025-10-19T22:00,12,8,23,34,dom_ok
2025-10-19T22:05,10,7,26,38,dom_ok
2025-10-19T22:10,10,7,26,37,dom_ok
2025-10-19T22:15,11,7,24,37,dom_ok
2025-10-19T22:20,9,7,28,36,dom_ok
2025-10-19T22:25,8,7,31,39,dom_ok
2025-10-19T22:30,7,7,36,38,dom_ok
2025-10-19T22:35,7,7,36,39,dom_ok
2025-10-19T22:40,7,7,36,39,dom_ok
2025-10-19T22:45,7,7,37,38,dom_ok
2025-10-19T22:50,7,7,36,37,dom_ok
2025-10-19T22:55,7,7,36,37,dom_ok
2025-10-19T23:00,7,7,38,37,dom_ok
2025-10-19T23:05,7,7,39,39,dom_ok
2025-10-19T23:10,7,7,39,39,dom_ok
2025-10-19T23:15,7,7,39,39,dom_ok
2025-10-19T23:20,7,7,39,38,dom_ok
2025-10-19T23:25,8,7,34,38,dom_ok
2025-10-19T23:30,7,7,38,39,dom_ok
2025-10-19T23:35,7,7,38,39,dom_ok
2025-10-19T23:40,7,7,37,39,dom_ok
2025-10-19T23:45,7,7,37,40,dom_ok
2025-10-19T23:50,7,7,38,38,dom_ok
2025-10-19T23:55,7,7,38,38,dom_ok
2025-10-20T00:00,7,7,39,39,dom_ok
2025-10-20T00:05,7,7,39,39,dom_ok
2025-10-20T00:10,7,7,39,39,dom_ok
2025-10-20T00:15,7,7,39,39,dom_ok
2025-10-20T00:20,7,6,39,40,dom_ok
2025-10-20T00:25,7,7,39,39,dom_ok
2025-10-20T00:30,7,7,39,40,dom_ok
2025-10-20T00:35,7,6,39,40,dom_ok
2025-10-20T00:40,7,6,39,40,dom_ok
2025-10-20T00:45,7,6,39,40,dom_ok
2025-10-20T00:50,7,6,39,40,dom_ok
2025-10-20T00:55,7,6,39,40,dom_ok
2025-10-20T01:00,7,6,39,40,dom_ok
2025-10-20T01:05,7,6,39,40,dom_ok
2025-10-20T01:10,7,6,39,40,dom_ok
2025-10-20T01:15,7,6,38,40,dom_ok
2025-10-20T01:20,7,6,39,40,dom_ok
2025-10-20T01:25,7,6,39,40,dom_ok
2025-10-20T01:30,7,6,39,40,dom_ok
2025-10-20T01:35,7,6,39,40,dom_ok
2025-10-20T01:40,7,6,38,40,dom_ok
2025-10-20T01:45,7,6,39,40,dom_ok
2025-10-20T01:50,7,6,39,40,dom_ok
2025-10-20T01:55,7,6,39,40,dom_ok
2025-10-20T02:00,7,6,39,40,dom_ok
2025-10-20T02:05,7,6,39,40,dom_ok
2025-10-20T02:10,7,6,39,40,dom_ok
2025-10-20T02:15,7,6,39,40,dom_ok
2025-10-20T02:20,7,6,38,40,dom_ok
2025-10-20T02:25,7,6,38,40,dom_ok
2025-10-20T02:30,7,6,39,40,dom_ok
2025-10-20T02:35,7,6,39,40,dom_ok
2025-10-20T02:40,7,6,39,40,dom_ok
2025-10-20T02:45,7,6,39,40,dom_ok
2025-10-20T02:50,7,6,39,40,dom_ok
2025-10-20T02:55,7,6,39,40,dom_ok
2025-10-20T03:00,7,6,38,40,dom_ok
2025-10-20T03:05,7,6,38,40,dom_ok
2025-10-20T03:10,7,6,39,40,dom_ok
2025-10-20T03:15,7,6,39,40,dom_ok
2025-10-20T03:20,7,6,39,40,dom_ok
2025-10-20T03:25,7,6,39,40,dom_ok
2025-10-20T03:30,7,6,39,40,dom_ok
2025-10-20T03:35,7,6,39,40,dom_ok
2025-10-20T03:40,7,7,39,40,dom_ok
2025-10-20T03:45,7,7,39,38,dom_ok
2025-10-20T03:50,7,6,39,40,dom_ok
2025-10-20T03:55,7,6,39,40,dom_ok
2025-10-20T04:00,7,6,39,40,dom_ok
2025-10-20T04:05,7,6,39,40,dom_ok
2025-10-20T04:10,7,6,39,40,dom_ok
2025-10-20T04:15,7,6,39,40,dom_ok
2025-10-20T04:20,7,6,39,40,dom_ok
2025-10-20T04:25,7,6,39,40,dom_ok
2025-10-20T04:30,7,6,39,40,dom_ok
2025-10-20T04:35,7,6,39,40,dom_ok
2025-10-20T04:40,7,6,38,40,dom_ok
2025-10-20T04:45,7,6,38,40,dom_ok
2025-10-20T04:50,7,6,39,40,dom_ok
2025-10-20T04:55,7,6,38,40,dom_ok
2025-10-20T05:00,7,6,39,40,dom_ok
2025-10-20T05:05,7,6,39,40,dom_ok
2025-10-20T05:10,7,7,38,40,dom_ok
2025-10-20T05:15,7,6,38,40,dom_ok
2025-10-20T05:20,7,6,39,40,dom_ok
2025-10-20T05:25,7,6,39,40,dom_ok
2025-10-20T05:30,7,6,38,40,dom_ok
2025-10-20T05:35,7,6,38,40,dom_ok
2025-10-20T05:40,7,6,36,40,dom_ok
2025-10-20T05:45,8,6,34,40,dom_ok
2025-10-20T05:50,7,6,35,40,dom_ok
2025-10-20T05:55,8,7,33,39,dom_ok
2025-10-20T06:00,8,7,33,39,dom_ok
2025-10-20T06:05,9,6,31,40,dom_ok
2025-10-20T06:10,9,6,30,40,dom_ok
2025-10-20T06:15,9,7,29,35,dom_ok
2025-10-20T06:20,9,8,28,34,dom_ok
2025-10-20T06:25,9,8,29,33,dom_ok
2025-10-20T06:30,10,8,27,34,dom_ok
2025-10-20T06:35,11,8,25,31,dom_ok
2025-10-20T06:40,10,8,25,31,dom_ok
2025-10-20T06:45,10,9,26,30,dom_ok
2025-10-20T06:50,10,9,26,30,dom_ok
2025-10-20T06:55,12,9,22,29,dom_ok
2025-10-20T07:00,13,9,21,29,dom_ok
2025-10-20T07:05,12,9,22,28,dom_ok
2025-10-20T07:10,12,9,22,29,dom_ok
2025-10-20T07:15,11,9,23,27,dom_ok
2025-10-20T07:20,11,10,24,26,dom_ok
2025-10-20T07:25,11,11,24,25,dom_ok
2025-10-20T07:30,11,11,24,23,dom_ok
2025-10-20T07:35,11,11,24,23,dom_ok
2025-10-20T07:40,12,13,23,20,dom_ok
2025-10-20T07:45,12,14,22,19,dom_ok
2025-10-20T07:50,13,15,21,17,dom_ok
2025-10-20T07:55,13,15,21,17,dom_ok
2025-10-20T08:00,13,13,21,19,dom_ok
2025-10-20T08:05,13,13,21,19,dom_ok
2025-10-20T08:10,12,13,22,20,dom_ok
2025-10-20T08:15,12,13,21,20,dom_ok
2025-10-20T08:20,12,13,22,21,dom_ok
2025-10-20T08:25,12,13,22,20,dom_ok
2025-10-20T08:30,11,13,24,20,dom_ok
2025-10-20T08:35,11,13,24,21,dom_ok
2025-10-20T08:40,13,12,21,22,dom_ok
2025-10-20T08:45,13,11,21,23,dom_ok
2025-10-20T08:50,13,11,20,23,dom_ok
2025-10-20T08:55,12,12,22,22,dom_ok
2025-10-20T09:00,12,12,21,21,dom_ok
2025-10-20T09:05,11,13,24,20,dom_ok
2025-10-20T09:10,13,12,19,21,dom_ok
2025-10-20T09:15,14,12,19,22,dom_ok
2025-10-20T09:20,10,11,26,24,dom_ok
2025-10-20T09:25,10,11,26,24,dom_ok
2025-10-20T09:30,10,10,26,26,dom_ok
2025-10-20T09:35,10,10,26,27,dom_ok
2025-10-20T09:40,10,9,26,29,dom_ok
2025-10-20T09:45,9,9,31,30,dom_ok
2025-10-20T09:50,10,8,27,32,dom_ok
2025-10-20T09:55,9,8,29,32,dom_ok
2025-10-20T10:00,9,8,29,34,dom_ok
2025-10-20T10:05,9,8,31,34,dom_ok
2025-10-20T10:10,8,7,32,37,dom_ok
2025-10-20T10:16,9,7,30,39,dom_ok
2025-10-20T10:20,9,7,29,39,dom_ok
2025-10-20T10:25,8,7,31,38,dom_ok
2025-10-20T10:30,8,7,33,35,dom_ok
2025-10-20T10:35,8,7,31,35,dom_ok
2025-10-20T10:40,8,7,32,37,dom_ok
2025-10-20T10:45,8,7,33,35,dom_ok
2025-10-20T10:50,8,7,32,36,dom_ok
2025-10-20T10:55,8,7,33,35,dom_ok
2025-10-20T11:00,7,8,35,33,dom_ok
2025-10-20T11:05,7,8,35,33,dom_ok
2025-10-20T11:10,8,8,33,32,dom_ok
2025-10-20T11:15,8,7,33,36,dom_ok
2025-10-20T11:20,8,7,34,36,dom_ok
2025-10-20T11:25,7,7,36,35,dom_ok
2025-10-20T11:30,7,7,37,35,dom_ok
2025-10-20T11:35,7,8,36,34,dom_ok
2025-10-20T11:40,7,8,39,32,dom_ok
2025-10-20T11:45,9,8,30,32,dom_ok
2025-10-20T11:50,7,7,37,35,dom_ok
2025-10-20T11:55,7,7,37,35,dom_ok
2025-10-20T12:00,7,7,35,36,dom_ok
2025-10-20T12:05,7,7,37,37,dom_ok
2025-10-20T12:10,15,7,17,35,dom_ok
2025-10-20T12:15,7,8,35,33,dom_ok
2025-10-20T12:20,7,8,36,33,dom_ok
2025-10-20T12:25,7,8,37,33,dom_ok
2025-10-20T12:30,7,8,36,32,dom_ok
2025-10-20T12:35,7,8,36,31,dom_ok
2025-10-20T12:40,7,9,35,29,dom_ok
2025-10-20T12:45,7,9,35,29,dom_ok
2025-10-20T12:50,8,8,34,30,dom_ok
2025-10-20T12:55,8,9,32,28,dom_ok
2025-10-20T13:00,8,10,32,27,dom_ok
2025-10-20T13:05,8,9,31,30,dom_ok
2025-10-20T13:10,9,8,29,33,dom_ok
2025-10-20T13:15,14,8,19,34,dom_ok
2025-10-20T13:20,12,8,21,34,dom_ok
2025-10-20T13:25,9,7,28,35,dom_ok
2025-10-20T13:30,9,7,28,35,dom_ok
2025-10-20T13:35,10,7,27,36,dom_ok
2025-10-20T13:40,9,7,29,36,dom_ok
2025-10-20T13:45,11,7,25,35,dom_ok
2025-10-20T13:50,10,8,27,33,dom_ok
2025-10-20T13:55,10,7,27,35,dom_ok
2025-10-20T14:00,10,8,28,34,dom_ok
2025-10-20T14:05,10,8,28,34,dom_ok
2025-10-20T14:10,11,8,25,33,dom_ok
2025-10-20T14:15,9,8,29,33,dom_ok
2025-10-20T14:20,9,7,28,35,dom_ok
2025-10-20T14:25,9,8,31,34,dom_ok
2025-10-20T14:30,11,8,25,33,dom_ok
2025-10-20T14:35,11,8,24,31,dom_ok
2025-10-20T14:40,10,8,27,33,dom_ok
2025-10-20T14:45,10,8,26,33,dom_ok
2025-10-20T14:50,10,8,26,32,dom_ok
2025-10-20T14:55,11,8,24,33,dom_ok
2025-10-20T15:00,12,8,23,34,dom_ok
2025-10-20T15:05,10,8,26,33,dom_ok
2025-10-20T15:10,10,8,26,32,dom_ok
2025-10-20T15:15,10,8,27,32,dom_ok
2025-10-20T15:20,8,8,33,32,dom_ok
2025-10-20T15:25,13,8,20,31,dom_ok
2025-10-20T15:30,9,9,29,28,dom_ok
2025-10-20T15:35,9,9,29,28,dom_ok
2025-10-20T15:40,10,10,25,25,dom_ok
2025-10-20T15:45,11,10,25,25,dom_ok
2025-10-20T15:50,11,11,24,23,dom_ok
2025-10-20T15:55,12,11,22,23,dom_ok
2025-10-20T16:00,12,12,21,21,dom_ok
2025-10-20T16:05,12,12,21,21,dom_ok
2025-10-20T16:10,13,10,20,26,dom_ok
2025-10-20T16:15,14,10,19,27,dom_ok
2025-10-20T16:20,15,9,17,28,dom_ok
2025-10-20T16:25,17,10,15,25,dom_ok
2025-10-20T16:30,17,10,15,25,dom_ok
2025-10-20T16:35,17,10,15,26,dom_ok
2025-10-20T16:40,18,10,15,26,dom_ok
2025-10-20T16:45,18,10,14,27,dom_ok
2025-10-20T16:50,20,9,13,29,dom_ok
2025-10-20T16:55,19,9,14,30,dom_ok
2025-10-20T17:00,20,8,13,31,dom_ok
2025-10-20T17:05,22,9,12,29,dom_ok
2025-10-20T17:10,22,9,12,29,dom_ok
2025-10-20T17:15,26,8,10,31,dom_ok
2025-10-20T17:20,25,8,10,32,dom_ok
2025-10-20T17:25,26,8,10,33,dom_ok
2025-10-20T17:30,29,8,9,32,dom_ok
2025-10-20T17:35,32,8,8,31,dom_ok
2025-10-20T17:40,32,8,8,32,dom_ok
2025-10-20T17:45,33,8,8,31,dom_ok
2025-10-20T17:50,34,8,8,31,dom_ok
2025-10-20T17:55,34,8,8,31,dom_ok
2025-10-20T18:00,40,8,7,33,dom_ok
2025-10-20T18:05,40,8,7,33,dom_ok
2025-10-20T18:10,38,8,7,34,dom_ok
2025-10-20T18:15,38,8,7,33,dom_ok
2025-10-20T18:20,39,8,7,34,dom_ok
2025-10-20T18:25,39,8,7,33,dom_ok
2025-10-20T18:30,36,7,7,35,dom_ok
2025-10-20T18:35,36,7,7,35,dom_ok
2025-10-20T18:40,29,7,9,37,dom_ok
2025-10-20T18:45,28,7,9,36,dom_ok
2025-10-20T18:50,25,8,11,34,dom_ok
2025-10-20T18:55,24,8,11,34,dom_ok
2025-10-20T19:00,22,7,12,35,dom_ok
2025-10-20T19:05,20,7,13,35,dom_ok
2025-10-20T19:10,18,7,15,36,dom_ok
2025-10-20T19:15,15,7,18,35,dom_ok
2025-10-20T19:20,15,7,17,35,dom_ok
2025-10-20T19:25,14,8,19,34,dom_ok
2025-10-20T19:30,13,7,20,35,dom_ok
2025-10-20T19:35,13,7,21,35,dom_ok
2025-10-20T19:40,13,7,21,35,dom_ok
2025-10-20T19:45,13,7,19,37,dom_ok
2025-10-20T19:50,15,7,17,36,dom_ok
2025-10-20T19:55,15,7,18,36,dom_ok
2025-10-20T20:00,13,7,20,37,dom_ok
2025-10-20T20:05,14,7,19,36,dom_ok
2025-10-20T20:10,14,7,19,36,dom_ok
2025-10-20T20:15,11,7,24,36,dom_ok
2025-10-20T20:20,11,7,25,39,dom_ok
2025-10-20T20:25,10,7,27,40,dom_ok
2025-10-20T20:30,9,7,29,38,dom_ok
2025-10-20T20:35,9,7,29,38,dom_ok
2025-10-20T20:40,8,7,33,37,dom_ok
2025-10-20T20:45,8,7,35,38,dom_ok
2025-10-20T20:50,8,7,34,38,dom_ok
2025-10-20T20:55,7,7,36,35,dom_ok
2025-10-20T21:00,8,7,34,38,dom_ok
2025-10-20T21:05,8,7,34,38,dom_ok
2025-10-20T21:10,7,7,35,38,dom_ok
2025-10-20T21:15,8,7,34,39,dom_ok
2025-10-20T21:20,8,7,34,38,dom_ok
2025-10-20T21:25,8,7,33,39,dom_ok
2025-10-20T21:30,8,7,35,35,dom_ok
2025-10-20T21:35,8,7,35,38,dom_ok
2025-10-20T21:40,8,6,35,40,dom_ok
2025-10-20T21:45,8,6,35,40,dom_ok
2025-10-20T21:50,8,7,34,36,dom_ok
2025-10-20T21:55,8,8,34,31,dom_ok
2025-10-20T22:00,8,9,33,28,dom_ok
2025-10-20T22:05,8,10,34,25,dom_ok
2025-10-20T22:10,8,10,34,25,dom_ok
2025-10-20T22:15,8,11,35,24,dom_ok
2025-10-20T22:20,7,12,36,22,dom_ok
2025-10-20T22:25,7,14,35,19,dom_ok
2025-10-20T22:30,8,15,34,17,dom_ok
2025-10-20T22:35,8,15,34,17,dom_ok
2025-10-20T22:40,7,14,35,18,dom_ok
2025-10-20T22:45,7,13,37,20,dom_ok
2025-10-20T22:50,7,13,37,20,dom_ok
2025-10-20T22:55,,11,0,23,dom_ok;invalid_time_to_ny
2025-10-20T23:00,,10,0,25,dom_ok;invalid_time_to_ny
2025-10-20T23:05,,8,0,33,dom_ok;invalid_time_to_ny
2025-10-20T23:10,,7,0,36,dom_ok;invalid_time_to_ny
2025-10-20T23:15,,7,0,38,dom_ok;invalid_time_to_ny
2025-10-20T23:20,,7,0,38,dom_ok;invalid_time_to_ny
2025-10-20T23:25,,7,0,36,dom_ok;invalid_time_to_ny
2025-10-20T23:30,,7,0,36,dom_ok;invalid_time_to_ny
2025-10-20T23:35,,7,0,36,dom_ok;invalid_time_to_ny
2025-10-20T23:40,,8,0,34,dom_ok;invalid_time_to_ny
2025-10-20T23:45,7,7,0,36,dom_ok;invalid_time_to_ny
2025-10-20T23:50,7,7,0,38,dom_ok;invalid_time_to_ny
2025-10-20T23:55,7,7,0,39,dom_ok;invalid_time_to_ny
2025-10-21T00:00,7,7,0,39,dom_ok;invalid_time_to_ny
2025-10-21T00:05,7,7,0,39,dom_ok;invalid_time_to_ny
2025-10-21T00:10,7,7,0,39,dom_ok;invalid_time_to_ny
2025-10-21T00:15,8,6,0,40,dom_ok;invalid_time_to_ny
2025-10-21T00:20,6,6,0,40,dom_ok;invalid_time_to_ny
2025-10-21T00:25,6,7,0,39,dom_ok;invalid_time_to_ny
2025-10-21T00:30,7,6,0,40,dom_ok;invalid_time_to_ny
2025-10-21T00:35,7,6,0,40,dom_ok;invalid_time_to_ny
2025-10-21T00:40,6,7,0,39,dom_ok;invalid_time_to_ny
2025-10-21T00:45,7,7,0,39,dom_ok;invalid_time_to_ny
2025-10-21T00:50,7,6,0,40,dom_ok;invalid_time_to_ny
2025-10-21T00:55,7,6,0,40,dom_ok;invalid_time_to_ny
2025-10-21T01:00,7,6,0,40,dom_ok;invalid_time_to_ny
2025-10-21T01:05,7,6,0,40,dom_ok;invalid_time_to_ny
2025-10-21T01:10,,6,0,40,dom_ok;invalid_time_to_ny
2025-10-21T01:15,,6,0,40,dom_ok;invalid_time_to_ny
2025-10-21T01:20,,6,0,40,dom_ok;invalid_time_to_ny
2025-10-21T01:25,,6,0,40,dom_ok;invalid_time_to_ny
2025-10-21T01:30,,6,0,40,dom_ok;invalid_time_to_ny
2025-10-21T01:35,,6,0,40,dom_ok;invalid_time_to_ny
2025-10-21T01:40,,6,0,40,dom_ok;invalid_time_to_ny
2025-10-21T01:45,,6,0,40,dom_ok;invalid_time_to_ny
2025-10-21T01:50,,6,0,40,dom_ok;invalid_time_to_ny
2025-10-21T01:55,,6,0,40,dom_ok;invalid_time_to_ny
2025-10-21T02:00,,6,0,40,dom_ok;invalid_time_to_ny
2025-10-21T02:05,,6,0,40,dom_ok;invalid_time_to_ny
2025-10-21T02:10,,6,0,40,dom_ok;invalid_time_to_ny
2025-10-21T02:15,,6,0,40,dom_ok;invalid_time_to_ny
2025-10-21T02:20,,6,0,40,dom_ok;invalid_time_to_ny
2025-10-21T02:25,,6,0,40,dom_ok;invalid_time_to_ny
2025-10-21T02:30,,6,0,40,dom_ok;invalid_time_to_ny
2025-10-21T02:35,,6,0,40,dom_ok;invalid_time_to_ny
2025-10-21T02:40,,6,0,40,dom_ok;invalid_time_to_ny
2025-10-21T02:45,,6,0,40,dom_ok;invalid_time_to_ny
2025-10-21T02:50,,6,0,40,dom_ok;invalid_time_to_ny
2025-10-21T02:55,,6,0,40,dom_ok;invalid_time_to_ny
2025-10-21T03:00,,6,0,40,dom_ok;invalid_time_to_ny
2025-10-21T03:05,,6,0,40,dom_ok;invalid_time_to_ny
2025-10-21T03:10,,6,0,40,dom_ok;invalid_time_to_ny
2025-10-21T03:15,,6,0,40,dom_ok;invalid_time_to_ny
2025-10-21T03:20,,6,0,40,dom_ok;invalid_time_to_ny
2025-10-21T03:25,,6,0,40,dom_ok;invalid_time_to_ny
2025-10-21T03:30,,6,0,40,dom_ok;invalid_time_to_ny
2025-10-21T03:35,,6,0,40,dom_ok;invalid_time_to_ny
2025-10-21T03:40,,6,0,40,dom_ok;invalid_time_to_ny
2025-10-21T03:45,,6,0,40,dom_ok;invalid_time_to_ny
2025-10-21T03:50,,6,0,40,dom_ok;invalid_time_to_ny
2025-10-21T03:55,,6,0,40,dom_ok;invalid_time_to_ny
2025-10-21T04:00,,6,0,40,dom_ok;invalid_time_to_ny
2025-10-21T04:05,,6,0,40,dom_ok;invalid_time_to_ny
2025-10-21T04:10,,6,0,40,dom_ok;invalid_time_to_ny
2025-10-21T04:15,,6,0,40,dom_ok;invalid_time_to_ny
2025-10-21T04:20,,6,0,40,dom_ok;invalid_time_to_ny
2025-10-21T04:25,,6,0,40,dom_ok;invalid_time_to_ny
2025-10-21T04:30,,6,0,40,dom_ok;invalid_time_to_ny
2025-10-21T04:35,,6,0,40,dom_ok;invalid_time_to_ny
2025-10-21T04:40,,6,0,40,dom_ok;invalid_time_to_ny
2025-10-21T04:45,7,6,0,40,dom_ok;invalid_time_to_ny
2025-10-21T04:50,7,6,0,40,dom_ok;invalid_time_to_ny
2025-10-21T04:55,7,6,0,40,dom_ok;invalid_time_to_ny
2025-10-21T05:00,7,6,0,40,dom_ok;invalid_time_to_ny
2025-10-21T05:05,7,6,0,40,dom_ok;invalid_time_to_ny
2025-10-21T05:10,7,6,0,40,dom_ok;invalid_time_to_ny
2025-10-21T05:15,7,6,38,40,dom_ok
2025-10-21T05:20,12,6,22,40,dom_ok
2025-10-21T05:25,7,6,38,40,dom_ok
2025-10-21T05:30,7,6,38,40,dom_ok
2025-10-21T05:35,7,6,39,40,dom_ok
2025-10-21T05:40,7,6,37,40,dom_ok
2025-10-21T05:45,7,6,35,40,dom_ok
2025-10-21T05:50,8,6,34,40,dom_ok
2025-10-21T05:55,8,6,32,40,dom_ok
2025-10-21T06:00,8,6,33,40,dom_ok
2025-10-21T06:05,9,6,30,40,dom_ok
2025-10-21T06:10,9,6,30,40,dom_ok
2025-10-21T06:15,10,7,26,37,dom_ok
2025-10-21T06:20,11,7,25,36,dom_ok
2025-10-21T06:25,14,8,19,34,dom_ok
2025-10-21T06:30,14,8,19,33,dom_ok
2025-10-21T06:35,16,8,17,34,dom_ok
2025-10-21T06:40,17,8,15,34,dom_ok
2025-10-21T06:45,19,8,13,32,dom_ok
2025-10-21T06:50,20,8,13,31,dom_ok
2025-10-21T06:55,24,9,11,29,dom_ok
2025-10-21T07:00,27,9,10,30,dom_ok
2025-10-21T07:05,26,8,10,30,dom_ok
2025-10-21T07:10,25,8,10,31,dom_ok
2025-10-21T07:15,27,9,10,29,dom_ok
2025-10-21T07:20,27,9,10,30,dom_ok
2025-10-21T07:25,27,9,10,28,dom_ok
2025-10-21T07:30,26,9,10,28,dom_ok
2025-10-21T07:35,27,10,10,27,dom_ok
2025-10-21T07:40,26,10,10,26,dom_ok
2025-10-21T07:45,27,11,10,23,dom_ok
2025-10-21T07:50,29,11,9,23,dom_ok
2025-10-21T07:55,29,11,9,23,dom_ok
2025-10-21T08:00,29,12,9,22,dom_ok
2025-10-21T08:05,33,12,8,21,dom_ok
2025-10-21T08:10,37,12,7,22,dom_ok
2025-10-21T08:15,36,11,7,23,dom_ok
2025-10-21T08:20,38,11,7,24,dom_ok
2025-10-21T08:25,39,10,7,25,dom_ok
2025-10-21T08:30,39,11,7,24,dom_ok
2025-10-21T08:35,39,11,7,24,dom_ok
2025-10-21T08:40,42,10,6,25,dom_ok
2025-10-21T08:45,38,11,7,24,dom_ok
2025-10-21T08:50,36,12,7,21,dom_ok
2025-10-21T08:55,36,12,7,21,dom_ok
2025-10-21T09:00,36,12,7,22,dom_ok
2025-10-21T09:05,35,11,8,23,dom_ok
2025-10-21T09:10,35,11,7,24,dom_ok
2025-10-21T09:15,33,10,8,25,dom_ok
2025-10-21T09:20,31,10,9,27,dom_ok
2025-10-21T09:25,30,9,9,27,dom_ok
2025-10-21T09:30,30,10,9,27,dom_ok
2025-10-21T09:35,28,9,9,27,dom_ok
2025-10-21T09:40,27,10,10,26,dom_ok
2025-10-21T09:45,26,10,10,26,dom_ok
2025-10-21T09:50,25,9,10,28,dom_ok
2025-10-21T09:55,24,9,11,28,dom_ok
2025-10-21T10:00,24,9,11,28,dom_ok
2025-10-21T10:05,24,10,11,26,dom_ok
2025-10-21T10:10,22,9,12,27,dom_ok
2025-10-21T10:15,21,9,12,29,dom_ok
2025-10-21T10:20,22,8,12,33,dom_ok
2025-10-21T10:25,22,8,12,33,dom_ok
2025-10-21T10:30,20,8,13,34,dom_ok
2025-10-21T10:35,19,8,14,34,dom_ok
2025-10-21T10:40,19,8,14,33,dom_ok
2025-10-21T10:45,19,8,14,34,dom_ok
2025-10-21T10:50,21,8,13,34,dom_ok
2025-10-21T10:55,20,7,13,35,dom_ok
2025-10-21T11:01,18,7,15,38,dom_ok
2025-10-21T11:51,13,7,20,37,dom_ok
2025-10-21T12:55,8,8,34,33,dom_ok
2025-10-21T13:06,8,10,32,27,dom_ok
2025-10-21T13:25,10,10,26,25,dom_ok
2025-10-21T13:30,10,9,25,30,dom_ok
2025-10-21T13:35,10,9,25,30,dom_ok
2025-10-21T13:40,10,7,26,35,dom_ok
2025-10-21T13:45,11,7,24,35,dom_ok
2025-10-21T13:50,10,7,25,35,dom_ok
2025-10-21T13:55,11,7,23,35,dom_ok
2025-10-21T14:00,11,7,25,36,dom_ok
2025-10-21T14:05,10,7,25,35,dom_ok
2025-10-21T14:10,10,7,25,35,dom_ok
2025-10-21T14:15,10,7,25,35,dom_ok
2025-10-21T14:20,11,7,24,35,dom_ok
2025-10-21T14:25,11,7,24,38,dom_ok
2025-10-21T14:30,12,7,22,35,dom_ok
2025-10-21T14:35,13,9,21,29,dom_ok
2025-10-21T14:40,12,8,22,32,dom_ok
2025-10-21T14:50,11,9,25,30,dom_ok
2025-10-21T15:58,12,14,21,19,dom_ok
2025-10-21T16:14,15,14,17,18,dom_ok
2025-10-21T16:15,15,14,17,18,dom_ok
2025-10-21T16:20,16,15,16,18,dom_ok
2025-10-21T16:25,17,15,16,18,dom_ok
2025-10-21T16:30,15,15,17,17,dom_ok
2025-10-21T16:35,15,15,17,17,dom_ok
2025-10-21T16:40,16,14,16,18,dom_ok
2025-10-21T16:45,18,16,15,17,dom_ok
2025-10-21T16:50,18,16,14,16,dom_ok
2025-10-21T16:55,18,16,15,16,dom_ok
2025-10-21T17:00,18,16,15,16,dom_ok
2025-10-21T17:05,18,14,15,18,dom_ok
2025-10-21T17:10,20,11,13,23,dom_ok
2025-10-21T17:15,21,12,12,22,dom_ok
2025-10-21T17:20,25,12,10,21,dom_ok
2025-10-21T17:25,25,12,10,21,dom_ok
2025-10-21T17:30,27,14,10,19,dom_ok
2025-10-21T17:35,29,14,9,18,dom_ok
2025-10-21T17:43,32,15,8,17,dom_ok
2025-10-21T17:54,33,16,8,17,dom_ok
2025-10-21T18:15,35,13,8,21,dom_ok
2025-10-21T18:20,31,12,8,22,dom_ok
2025-10-21T18:25,32,11,8,24,dom_ok
2025-10-21T18:30,29,11,9,24,dom_ok
2025-10-21T18:35,27,10,10,26,dom_ok
2025-10-21T18:40,25,10,10,25,dom_ok
2025-10-21T18:45,25,11,11,24,dom_ok
2025-10-21T18:50,25,12,11,22,dom_ok
2025-10-21T18:55,25,12,11,22,dom_ok
2025-10-21T19:00,23,12,11,22,dom_ok
2025-10-21T19:05,17,11,15,23,dom_ok
2025-10-21T19:10,17,10,15,26,dom_ok
2025-10-21T19:15,17,9,15,30,dom_ok
2025-10-21T19:20,17,8,15,32,dom_ok
2025-10-21T19:25,17,8,15,32,dom_ok
2025-10-21T19:30,14,8,19,33,dom_ok
2025-10-21T19:35,14,9,19,28,dom_ok
2025-10-21T19:40,11,8,23,31,dom_ok
2025-10-21T19:45,11,8,24,31,dom_ok
2025-10-21T19:50,9,9,30,28,dom_ok
2025-10-21T19:55,9,8,30,31,dom_ok
2025-10-21T20:00,9,8,30,32,dom_ok
2025-10-21T20:05,8,8,32,31,dom_ok
2025-10-21T20:10,8,8,32,31,dom_ok
2025-10-21T20:15,7,8,38,31,dom_ok
2025-10-21T20:20,7,8,36,32,dom_ok
2025-10-21T20:25,7,8,35,33,dom_ok
2025-10-21T20:30,7,8,37,32,dom_ok
2025-10-21T20:35,7,8,37,32,dom_ok
2025-10-21T20:40,7,7,37,35,dom_ok
2025-10-21T20:45,7,7,36,35,dom_ok
2025-10-21T20:50,7,8,36,34,dom_ok
2025-10-21T20:55,7,7,37,36,dom_ok
2025-10-21T21:00,7,7,37,36,dom_ok
2025-10-21T21:05,8,7,34,36,dom_ok
2025-10-21T21:10,7,7,35,37,dom_ok
2025-10-21T21:15,8,7,35,37,dom_ok
2025-10-21T21:20,8,7,34,39,dom_ok
2025-10-21T21:25,8,7,35,39,dom_ok
2025-10-21T21:30,7,7,36,38,dom_ok
2025-10-21T21:35,8,7,34,36,dom_ok
2025-10-21T21:40,8,7,34,36,dom_ok
2025-10-21T21:45,8,7,34,36,dom_ok
2025-10-21T21:50,8,7,34,36,dom_ok
2025-10-21T21:55,7,7,35,36,dom_ok
2025-10-21T22:00,7,7,35,36,dom_ok
2025-10-21T22:05,7,7,35,36,dom_ok
2025-10-21T22:10,8,7,35,37,dom_ok
2025-10-21T22:15,7,7,35,36,dom_ok
2025-10-21T22:20,8,7,35,37,dom_ok
2025-10-21T22:25,7,7,36,38,dom_ok
2025-10-21T22:30,7,7,35,38,dom_ok
2025-10-21T22:35,7,7,36,38,dom_ok
2025-10-21T22:40,7,7,37,38,dom_ok
2025-10-21T22:45,7,7,38,37,dom_ok
2025-10-21T22:50,7,7,38,38,dom_ok
2025-10-21T22:55,7,7,38,37,dom_ok
2025-10-21T23:00,7,7,36,40,dom_ok
2025-10-21T23:05,8,7,31,37,dom_ok
2025-10-21T23:10,10,7,25,39,dom_ok
2025-10-21T23:15,10,7,25,39,dom_ok
2025-10-21T23:20,12,7,23,39,dom_ok
2025-10-21T23:25,12,7,22,38,dom_ok
2025-10-21T23:30,15,7,17,38,dom_ok
2025-10-21T23:35,12,7,22,39,dom_ok
2025-10-21T23:40,12,7,23,37,dom_ok
2025-10-21T23:45,11,7,24,38,dom_ok
2025-10-21T23:50,11,7,23,39,dom_ok
2025-10-21T23:55,11,7,23,39,dom_ok
2025-10-22T00:00,15,6,18,40,dom_ok
2025-10-22T00:05,13,7,20,38,dom_ok
2025-10-22T00:10,13,7,20,38,dom_ok
2025-10-22T00:15,13,6,33,40,dom_ok;invalid_time_to_ny
2025-10-22T00:20,13,6,34,40,dom_ok;invalid_time_to_ny
2025-10-22T00:25,13,8,35,33,dom_ok;invalid_time_to_ny
2025-10-22T00:30,,6,35,40,dom_ok;invalid_time_to_ny
2025-10-22T00:35,,6,35,40,dom_ok;invalid_time_to_ny
2025-10-22T00:40,,6,35,40,dom_ok;invalid_time_to_ny
2025-10-22T00:45,,6,35,40,dom_ok;invalid_time_to_ny
2025-10-22T00:50,,7,35,39,dom_ok;invalid_time_to_ny
2025-10-22T00:55,,6,35,40,dom_ok;invalid_time_to_ny
2025-10-22T01:00,,6,35,40,dom_ok;invalid_time_to_ny
2025-10-22T01:05,,6,35,40,dom_ok;invalid_time_to_ny
2025-10-22T01:10,,6,35,40,dom_ok;invalid_time_to_ny
2025-10-22T01:15,,6,35,40,dom_ok;invalid_time_to_ny
2025-10-22T01:20,,6,35,40,dom_ok;invalid_time_to_ny
2025-10-22T01:25,,7,35,40,dom_ok;invalid_time_to_ny
2025-10-22T01:30,,6,35,40,dom_ok;invalid_time_to_ny
2025-10-22T01:35,,6,35,40,dom_ok;invalid_time_to_ny
2025-10-22T01:40,,6,35,40,dom_ok;invalid_time_to_ny
2025-10-22T01:45,,6,35,40,dom_ok;invalid_time_to_ny
2025-10-22T01:50,,6,35,40,dom_ok;invalid_time_to_ny
2025-10-22T01:55,,6,35,40,dom_ok;invalid_time_to_ny
2025-10-22T02:00,,6,35,40,dom_ok;invalid_time_to_ny
2025-10-22T02:05,,7,32,39,dom_ok;invalid_time_to_ny
2025-10-22T02:10,,6,34,40,dom_ok;invalid_time_to_ny
2025-10-22T02:15,,6,34,40,dom_ok;invalid_time_to_ny
2025-10-22T02:20,,6,35,40,dom_ok;invalid_time_to_ny
2025-10-22T02:25,,7,35,39,dom_ok;invalid_time_to_ny
2025-10-22T02:30,,6,35,40,dom_ok;invalid_time_to_ny
2025-10-22T02:35,,6,35,40,dom_ok;invalid_time_to_ny
2025-10-22T02:40,,6,34,40,dom_ok;invalid_time_to_ny
2025-10-22T02:45,,6,22,40,dom_ok;invalid_time_to_ny
2025-10-22T02:50,,6,26,40,dom_ok;invalid_time_to_ny
2025-10-22T02:55,,6,35,40,dom_ok;invalid_time_to_ny
2025-10-22T03:00,,6,35,40,dom_ok;invalid_time_to_ny
2025-10-22T03:05,,6,35,40,dom_ok;invalid_time_to_ny
2025-10-22T03:10,,6,35,40,dom_ok;invalid_time_to_ny
2025-10-22T03:15,,6,35,40,dom_ok;invalid_time_to_ny
2025-10-22T03:20,,6,35,40,dom_ok;invalid_time_to_ny
2025-10-22T03:25,,6,35,40,dom_ok;invalid_time_to_ny
2025-10-22T03:30,,6,35,40,dom_ok;invalid_time_to_ny
2025-10-22T03:35,,6,35,40,dom_ok;invalid_time_to_ny
2025-10-22T03:40,,6,35,40,dom_ok;invalid_time_to_ny
2025-10-22T03:45,,6,22,40,dom_ok;invalid_time_to_ny
2025-10-22T03:50,,6,22,40,dom_ok;invalid_time_to_ny
2025-10-22T03:55,,6,35,40,dom_ok;invalid_time_to_ny
2025-10-22T04:00,,6,35,40,dom_ok;invalid_time_to_ny
2025-10-22T04:05,,6,35,40,dom_ok;invalid_time_to_ny
2025-10-22T04:10,,6,35,40,dom_ok;invalid_time_to_ny
2025-10-22T04:15,,6,35,40,dom_ok;invalid_time_to_ny
2025-10-22T04:20,,6,35,40,dom_ok;invalid_time_to_ny
2025-10-22T04:25,,6,35,40,dom_ok;invalid_time_to_ny
2025-10-22T04:30,,6,35,40,dom_ok;invalid_time_to_ny
2025-10-22T04:35,,6,35,40,dom_ok;invalid_time_to_ny
2025-10-22T04:40,,6,35,40,dom_ok;invalid_time_to_ny
2025-10-22T04:45,7,6,35,40,dom_ok;invalid_time_to_ny
2025-10-22T04:50,7,9,35,30,dom_ok;invalid_time_to_ny
2025-10-22T04:55,7,7,28,35,dom_ok;invalid_time_to_ny
2025-10-22T05:00,7,6,35,40,dom_ok;invalid_time_to_ny
2025-10-22T05:05,7,6,35,40,dom_ok;invalid_time_to_ny
2025-10-22T05:10,7,6,37,40,dom_ok
2025-10-22T05:15,7,6,35,40,dom_ok
2025-10-22T05:20,8,6,31,40,dom_ok
2025-10-22T05:25,11,6,25,40,dom_ok
2025-10-22T05:30,19,6,14,40,dom_ok
2025-10-22T05:35,11,6,23,40,dom_ok
2025-10-22T05:40,10,6,27,40,dom_ok
2025-10-22T05:45,9,6,30,40,dom_ok
2025-10-22T05:50,9,6,30,40,dom_ok
2025-10-22T05:55,9,6,28,40,dom_ok
2025-10-22T06:00,10,6,27,40,dom_ok
2025-10-22T06:05,10,6,27,40,dom_ok
2025-10-22T06:10,9,6,28,40,dom_ok
2025-10-22T06:15,10,7,28,35,dom_ok
2025-10-22T06:20,11,6,24,40,dom_ok
2025-10-22T06:25,11,7,23,35,dom_ok
2025-10-22T06:30,13,8,21,33,dom_ok
2025-10-22T06:35,15,8,18,33,dom_ok
2025-10-22T06:40,15,8,17,33,dom_ok
2025-10-22T06:45,17,8,15,31,dom_ok
2025-10-22T06:50,21,9,13,30,dom_ok
2025-10-22T06:55,22,9,12,29,dom_ok
2025-10-22T07:00,23,9,11,29,dom_ok
2025-10-22T07:05,22,9,12,29,dom_ok
2025-10-22T07:10,23,9,11,29,dom_ok
2025-10-22T07:15,24,9,11,29,dom_ok
2025-10-22T07:20,23,9,11,29,dom_ok
2025-10-22T07:25,23,9,11,29,dom_ok
2025-10-22T07:30,24,10,11,27,dom_ok
2025-10-22T07:35,25,10,11,26,dom_ok
2025-10-22T07:40,27,10,10,25,dom_ok
2025-10-22T07:45,29,11,9,23,dom_ok
2025-10-22T07:50,28,12,9,22,dom_ok
2025-10-22T07:55,28,12,9,21,dom_ok
2025-10-22T08:00,28,12,9,21,dom_ok
2025-10-22T08:05,28,12,9,21,dom_ok
2025-10-22T08:10,31,13,8,19,dom_ok
2025-10-22T08:15,29,13,9,20,dom_ok
2025-10-22T08:20,31,13,8,21,dom_ok
2025-10-22T08:25,33,13,8,20,dom_ok
2025-10-22T08:30,34,13,8,20,dom_ok
2025-10-22T08:35,33,13,8,20,dom_ok
2025-10-22T08:40,33,13,8,19,dom_ok
2025-10-22T08:45,33,13,8,19,dom_ok
2025-10-22T08:50,33,13,8,20,dom_ok
2025-10-22T08:55,33,13,8,19,dom_ok
2025-10-22T09:00,33,14,8,19,dom_ok
2025-10-22T09:05,31,12,9,22,dom_ok
2025-10-22T09:10,31,12,9,22,dom_ok
2025-10-22T09:15,30,12,9,22,dom_ok
2025-10-22T09:20,28,11,9,24,dom_ok
2025-10-22T09:25,26,10,10,26,dom_ok
2025-10-22T09:30,26,10,10,27,dom_ok
2025-10-22T09:35,24,10,11,27,dom_ok
2025-10-22T09:40,23,9,11,27,dom_ok
2025-10-22T09:45,23,9,11,28,dom_ok
2025-10-22T09:50,23,9,11,29,dom_ok
2025-10-22T09:55,22,10,12,27,dom_ok
2025-10-22T10:00,17,9,16,28,dom_ok
2025-10-22T10:05,20,9,13,28,dom_ok
2025-10-22T10:10,17,8,16,33,dom_ok
2025-10-22T10:15,18,8,14,33,dom_ok
2025-10-22T10:20,18,8,15,32,dom_ok
2025-10-22T10:25,17,8,15,32,dom_ok
2025-10-22T10:30,18,8,15,32,dom_ok
2025-10-22T10:35,18,8,15,32,dom_ok
2025-10-22T10:40,15,8,17,33,dom_ok
2025-10-22T10:45,15,8,17,33,dom_ok
2025-10-22T10:50,14,7,18,35,dom_ok
2025-10-22T10:55,15,7,18,36,dom_ok
2025-10-22T11:00,15,7,17,35,dom_ok
2025-10-22T11:05,13,7,20,37,dom_ok
2025-10-22T11:10,13,7,21,37,dom_ok
2025-10-22T11:15,10,7,26,36,dom_ok
2025-10-22T11:20,10,7,26,36,dom_ok
2025-10-22T11:25,12,7,22,39,dom_ok
2025-10-22T11:30,13,7,20,35,dom_ok
2025-10-22T11:35,10,7,25,36,dom_ok
2025-10-22T11:40,9,7,29,37,dom_ok
2025-10-22T11:45,9,8,29,33,dom_ok
2025-10-22T11:50,9,8,30,34,dom_ok
2025-10-22T11:55,7,8,35,33,dom_ok
2025-10-22T12:00,7,8,35,34,dom_ok
2025-10-22T12:05,7,8,35,34,dom_ok
2025-10-22T12:10,7,8,37,34,dom_ok
2025-10-22T12:15,7,8,35,34,dom_ok
2025-10-22T12:20,7,8,37,34,dom_ok
2025-10-22T12:25,7,8,36,34,dom_ok
2025-10-22T12:30,7,7,36,35,dom_ok
2025-10-22T12:35,7,8,36,34,dom_ok
2025-10-22T12:40,7,7,37,36,dom_ok
2025-10-22T12:45,7,7,37,35,dom_ok
2025-10-22T12:50,7,7,37,35,dom_ok
2025-10-22T12:55,7,7,38,37,dom_ok
2025-10-22T13:00,7,8,37,33,dom_ok
2025-10-22T13:05,7,7,36,36,dom_ok
2025-10-22T13:10,7,7,36,37,dom_ok
2025-10-22T13:15,7,7,37,35,dom_ok
2025-10-22T13:20,7,7,37,35,dom_ok
2025-10-22T13:25,7,7,37,37,dom_ok
2025-10-22T13:30,7,7,37,37,dom_ok
2025-10-22T13:35,8,7,33,35,dom_ok
2025-10-22T13:40,7,8,37,33,dom_ok
2025-10-22T13:45,8,8,35,34,dom_ok
2025-10-22T13:50,9,8,30,33,dom_ok
2025-10-22T13:55,9,8,28,34,dom_ok
2025-10-22T14:00,8,8,31,34,dom_ok
2025-10-22T14:05,9,8,30,34,dom_ok
2025-10-22T14:10,9,8,30,34,dom_ok
2025-10-22T14:15,9,8,30,34,dom_ok
2025-10-22T14:20,9,8,30,34,dom_ok
2025-10-22T14:25,9,8,29,33,dom_ok
2025-10-22T14:30,9,8,31,31,dom_ok
2025-10-22T14:35,9,8,29,33,dom_ok
2025-10-22T14:40,9,8,28,32,dom_ok
2025-10-22T14:45,11,9,25,28,dom_ok
2025-10-22T14:50,11,9,24,27,dom_ok
2025-10-22T14:55,11,9,24,27,dom_ok
2025-10-22T15:00,10,8,27,31,dom_ok
2025-10-22T15:05,9,9,28,30,dom_ok
2025-10-22T15:10,9,9,29,30,dom_ok
2025-10-22T15:15,9,9,28,30,dom_ok
2025-10-22T15:20,10,9,26,29,dom_ok
2025-10-22T15:25,11,9,23,30,dom_ok
2025-10-22T15:30,12,8,22,31,dom_ok
2025-10-22T15:35,12,8,21,32,dom_ok
2025-10-22T15:40,13,9,20,30,dom_ok
2025-10-22T15:45,18,9,15,29,dom_ok
2025-10-22T15:51,22,11,12,24,dom_ok
2025-10-22T15:55,26,11,10,24,dom_ok
2025-10-22T16:00,26,12,10,22,dom_ok
2025-10-22T16:05,26,12,10,22,dom_ok
2025-10-22T16:15,25,12,11,22,dom_ok
2025-10-22T16:20,25,12,10,21,dom_ok
2025-10-22T16:25,31,14,9,19,dom_ok
2025-10-22T16:30,26,15,10,18,dom_ok
2025-10-22T16:35,33,14,8,19,dom_ok
2025-10-22T16:50,29,14,9,19,dom_ok
2025-10-22T16:55,33,13,8,19,dom_ok
2025-10-22T17:00,34,14,8,19,dom_ok
2025-10-22T17:05,34,12,8,21,dom_ok
2025-10-22T17:10,32,13,8,21,dom_ok
2025-10-22T17:15,32,13,8,20,dom_ok
2025-10-22T17:20,33,13,8,20,dom_ok
2025-10-22T17:25,33,13,8,20,dom_ok
2025-10-22T17:30,35,13,8,20,dom_ok
2025-10-22T17:35,38,13,7,20,dom_ok
2025-10-22T17:40,40,13,7,20,dom_ok
2025-10-22T17:45,37,13,7,20,dom_ok
2025-10-22T17:50,40,13,7,20,dom_ok
2025-10-22T17:55,41,14,6,19,dom_ok
2025-10-22T18:00,38,14,7,19,dom_ok
2025-10-22T18:05,37,14,7,18,dom_ok
2025-10-22T18:10,33,14,8,18,dom_ok
2025-10-22T18:15,33,14,8,18,dom_ok
2025-10-22T18:20,30,13,9,19,dom_ok
2025-10-22T18:25,29,13,9,20,dom_ok
2025-10-22T18:30,30,13,9,20,dom_ok
2025-10-22T18:35,26,12,10,22,dom_ok
2025-10-22T18:40,27,10,10,26,dom_ok
2025-10-22T18:45,28,9,9,28,dom_ok
2025-10-22T18:50,27,9,10,30,dom_ok
2025-10-22T18:55,28,9,9,30,dom_ok
2025-10-22T19:00,28,9,9,30,dom_ok
2025-10-22T19:05,27,9,10,30,dom_ok
2025-10-22T19:10,25,8,10,31,dom_ok
2025-10-22T19:15,22,8,12,31,dom_ok
2025-10-22T19:20,15,9,17,29,dom_ok
2025-10-22T19:25,18,9,15,30,dom_ok
2025-10-22T19:30,17,9,15,29,dom_ok
2025-10-22T19:35,16,9,16,30,dom_ok
2025-10-22T19:40,13,9,21,30,dom_ok
2025-10-22T19:45,12,9,22,30,dom_ok
